Month,District_State,MinTemperature
2013-05,"KARGIL, JAMMU AND KASHMIR",-19.53300
2013-05,"LADAKH, LADAKH",-12.87950
2013-05,"PULWAMA, JAMMU AND KASHMIR",1.07800
2013-05,"BARAMULLA, JAMMU AND KASHMIR",1.53000
2013-05,"KUPWARA, JAMMU AND KASHMIR",2.79600
2013-05,"KINNAUR, HIMACHAL PRADESH",4.73950
2013-05,"ANANTNAG, JAMMU AND KASHMIR",4.83800
2013-05,"LAHUL AND SPITI, HIMACHAL PRADESH",6.38000
2013-05,"UPPER SIANG, ARUNACHAL PRADESH",7.17850
2013-05,"BADGAM, JAMMU AND KASHMIR",8.46100
2009-07,"KARGIL, JAMMU AND KASHMIR",-3.94100
2009-07,"LADAKH, LADAKH",-3.54650
2009-07,"LAHUL AND SPITI, HIMACHAL PRADESH",5.32850
2009-07,"BARAMULLA, JAMMU AND KASHMIR",6.19900
2009-07,"KINNAUR, HIMACHAL PRADESH",7.19500
2009-07,"PULWAMA, JAMMU AND KASHMIR",7.66400
2009-07,"KUPWARA, JAMMU AND KASHMIR",8.31200
2009-07,"KULU, HIMACHAL PRADESH",8.90300
2009-07,"SRINAGAR, JAMMU AND KASHMIR",9.42500
2009-07,"BADGAM, JAMMU AND KASHMIR",9.42500
2002-11,"KARGIL, JAMMU AND KASHMIR",-23.00900
2002-11,"LADAKH, LADAKH",-18.14000
2002-11,"LAHUL AND SPITI, HIMACHAL PRADESH",-8.29250
2002-11,"KINNAUR, HIMACHAL PRADESH",-4.34000
2002-11,"PULWAMA, JAMMU AND KASHMIR",-4.05100
2002-11,"BARAMULLA, JAMMU AND KASHMIR",-3.13800
2002-11,"BADGAM, JAMMU AND KASHMIR",-1.60800
2002-11,"SRINAGAR, JAMMU AND KASHMIR",-1.31400
2002-11,"KUPWARA, JAMMU AND KASHMIR",-0.81700
2002-11,"ANANTNAG, JAMMU AND KASHMIR",-0.36600
2013-09,"KARGIL, JAMMU AND KASHMIR",-6.61500
2013-09,"LADAKH, LADAKH",-3.33400
2013-09,"PULWAMA, JAMMU AND KASHMIR",2.33700
2013-09,"BARAMULLA, JAMMU AND KASHMIR",2.64800
2013-09,"KUPWARA, JAMMU AND KASHMIR",5.03900
2013-09,"KINNAUR, HIMACHAL PRADESH",7.13350
2013-09,"ANANTNAG, JAMMU AND KASHMIR",7.33600
2013-09,"LAHUL AND SPITI, HIMACHAL PRADESH",7.73550
2013-09,"SRINAGAR, JAMMU AND KASHMIR",8.78000
2013-09,"BADGAM, JAMMU AND KASHMIR",8.78000
2007-05,"KARGIL, JAMMU AND KASHMIR",-13.21800
2007-05,"LADAKH, LADAKH",-9.78700
2007-05,"KINNAUR, HIMACHAL PRADESH",3.18200
2007-05,"LAHUL AND SPITI, HIMACHAL PRADESH",3.91000
2007-05,"BARAMULLA, JAMMU AND KASHMIR",4.13800
2007-05,"PULWAMA, JAMMU AND KASHMIR",5.44100
2007-05,"BADGAM, JAMMU AND KASHMIR",6.79100
2007-05,"SRINAGAR, JAMMU AND KASHMIR",6.79100
2007-05,"KUPWARA, JAMMU AND KASHMIR",6.98100
2007-05,"KULU, HIMACHAL PRADESH",8.85900
2010-08,"LADAKH, LADAKH",-1.83750
2010-08,"KARGIL, JAMMU AND KASHMIR",-1.17900
2010-08,"BARAMULLA, JAMMU AND KASHMIR",6.47900
2010-08,"LAHUL AND SPITI, HIMACHAL PRADESH",6.73150
2010-08,"KINNAUR, HIMACHAL PRADESH",7.23600
2010-08,"PULWAMA, JAMMU AND KASHMIR",7.24000
2010-08,"SRINAGAR, JAMMU AND KASHMIR",8.49800
2010-08,"BADGAM, JAMMU AND KASHMIR",8.49800
2010-08,"KUPWARA, JAMMU AND KASHMIR",9.06900
2010-08,"KULU, HIMACHAL PRADESH",9.61900
2008-02,"LADAKH, LADAKH",-40.12600
2008-02,"KARGIL, JAMMU AND KASHMIR",-33.50100
2008-02,"LAHUL AND SPITI, HIMACHAL PRADESH",-17.66650
2008-02,"KINNAUR, HIMACHAL PRADESH",-15.45500
2008-02,"BARAMULLA, JAMMU AND KASHMIR",-12.31600
2008-02,"PULWAMA, JAMMU AND KASHMIR",-10.96300
2008-02,"KUPWARA, JAMMU AND KASHMIR",-10.59900
2008-02,"SRINAGAR, JAMMU AND KASHMIR",-8.95500
2008-02,"BADGAM, JAMMU AND KASHMIR",-8.95500
2008-02,"ANANTNAG, JAMMU AND KASHMIR",-7.23100
2009-01,"LADAKH, LADAKH",-25.95700
2009-01,"KARGIL, JAMMU AND KASHMIR",-24.92000
2009-01,"LAHUL AND SPITI, HIMACHAL PRADESH",-10.10150
2009-01,"KINNAUR, HIMACHAL PRADESH",-9.76650
2009-01,"BARAMULLA, JAMMU AND KASHMIR",-8.39000
2009-01,"PULWAMA, JAMMU AND KASHMIR",-7.90900
2009-01,"KUPWARA, JAMMU AND KASHMIR",-6.95800
2009-01,"ANANTNAG, JAMMU AND KASHMIR",-6.31700
2009-01,"BADGAM, JAMMU AND KASHMIR",-6.21400
2009-01,"SRINAGAR, JAMMU AND KASHMIR",-6.21400
2005-07,"KARGIL, JAMMU AND KASHMIR",-4.88500
2005-07,"LADAKH, LADAKH",-0.66200
2005-07,"BARAMULLA, JAMMU AND KASHMIR",7.32900
2005-07,"KINNAUR, HIMACHAL PRADESH",7.60900
2005-07,"LAHUL AND SPITI, HIMACHAL PRADESH",8.05600
2005-07,"PULWAMA, JAMMU AND KASHMIR",8.49500
2005-07,"KUPWARA, JAMMU AND KASHMIR",9.58900
2005-07,"SRINAGAR, JAMMU AND KASHMIR",9.85300
2005-07,"BADGAM, JAMMU AND KASHMIR",9.85300
2005-07,"KULU, HIMACHAL PRADESH",10.08100
2005-09,"KARGIL, JAMMU AND KASHMIR",-6.99100
2005-09,"LADAKH, LADAKH",-5.44400
2005-09,"LAHUL AND SPITI, HIMACHAL PRADESH",4.17400
2005-09,"KINNAUR, HIMACHAL PRADESH",4.48550
2005-09,"BARAMULLA, JAMMU AND KASHMIR",5.58400
2005-09,"PULWAMA, JAMMU AND KASHMIR",6.58800
2005-09,"KUPWARA, JAMMU AND KASHMIR",6.95200
2005-09,"KULU, HIMACHAL PRADESH",7.92800
2005-09,"SRINAGAR, JAMMU AND KASHMIR",8.25800
2005-09,"BADGAM, JAMMU AND KASHMIR",8.25800
2000-05,"KARGIL, JAMMU AND KASHMIR",-15.83800
2000-05,"LADAKH, LADAKH",-12.42100
2000-05,"KINNAUR, HIMACHAL PRADESH",-1.68550
2000-05,"BARAMULLA, JAMMU AND KASHMIR",2.28500
2000-05,"LAHUL AND SPITI, HIMACHAL PRADESH",3.41150
2000-05,"KUPWARA, JAMMU AND KASHMIR",3.43000
2000-05,"KULU, HIMACHAL PRADESH",3.62100
2000-05,"PULWAMA, JAMMU AND KASHMIR",4.10800
2000-05,"WEST SIANG, ARUNACHAL PRADESH",5.74700
2000-05,"SRINAGAR, JAMMU AND KASHMIR",6.63700
2001-12,"KARGIL, JAMMU AND KASHMIR",-31.69600
2001-12,"LADAKH, LADAKH",-28.55450
2001-12,"KINNAUR, HIMACHAL PRADESH",-13.93500
2001-12,"LAHUL AND SPITI, HIMACHAL PRADESH",-10.64400
2001-12,"BARAMULLA, JAMMU AND KASHMIR",-5.93400
2001-12,"PULWAMA, JAMMU AND KASHMIR",-5.33600
2001-12,"ANANTNAG, JAMMU AND KASHMIR",-5.06800
2001-12,"KULU, HIMACHAL PRADESH",-4.62000
2001-12,"KUPWARA, JAMMU AND KASHMIR",-4.60800
2001-12,"SRINAGAR, JAMMU AND KASHMIR",-3.33400
2013-12,"LADAKH, LADAKH",-35.29500
2013-12,"KARGIL, JAMMU AND KASHMIR",-34.81100
2013-12,"BARAMULLA, JAMMU AND KASHMIR",-10.70300
2013-12,"KUPWARA, JAMMU AND KASHMIR",-10.62900
2013-12,"PULWAMA, JAMMU AND KASHMIR",-9.93400
2013-12,"ANANTNAG, JAMMU AND KASHMIR",-6.12800
2013-12,"LAHUL AND SPITI, HIMACHAL PRADESH",-5.84950
2013-12,"KINNAUR, HIMACHAL PRADESH",-5.37200
2013-12,"PITHORGARH, UTTARAKHAND",-4.73400
2013-12,"BADGAM, JAMMU AND KASHMIR",-4.29700
2004-05,"KARGIL, JAMMU AND KASHMIR",-19.17300
2004-05,"LADAKH, LADAKH",-13.47700
2004-05,"KINNAUR, HIMACHAL PRADESH",-2.57200
2004-05,"BARAMULLA, JAMMU AND KASHMIR",-1.05900
2004-05,"PULWAMA, JAMMU AND KASHMIR",-0.03100
2004-05,"LAHUL AND SPITI, HIMACHAL PRADESH",0.49200
2004-05,"KUPWARA, JAMMU AND KASHMIR",0.76400
2004-05,"SRINAGAR, JAMMU AND KASHMIR",1.25800
2004-05,"BADGAM, JAMMU AND KASHMIR",1.25800
2004-05,"ANANTNAG, JAMMU AND KASHMIR",3.03200
2006-07,"LADAKH, LADAKH",-11.15100
2006-07,"KARGIL, JAMMU AND KASHMIR",-7.52400
2006-07,"KINNAUR, HIMACHAL PRADESH",6.13900
2006-07,"BARAMULLA, JAMMU AND KASHMIR",6.22800
2006-07,"LAHUL AND SPITI, HIMACHAL PRADESH",7.70500
2006-07,"PULWAMA, JAMMU AND KASHMIR",7.79200
2006-07,"KUPWARA, JAMMU AND KASHMIR",8.44500
2006-07,"SRINAGAR, JAMMU AND KASHMIR",8.55400
2006-07,"BADGAM, JAMMU AND KASHMIR",8.55400
2006-07,"ANANTNAG, JAMMU AND KASHMIR",11.77000
2010-11,"KARGIL, JAMMU AND KASHMIR",-18.84700
2010-11,"LADAKH, LADAKH",-18.20150
2010-11,"KINNAUR, HIMACHAL PRADESH",-4.63700
2010-11,"LAHUL AND SPITI, HIMACHAL PRADESH",-4.15300
2010-11,"BARAMULLA, JAMMU AND KASHMIR",-3.30400
2010-11,"KUPWARA, JAMMU AND KASHMIR",-1.85700
2010-11,"PULWAMA, JAMMU AND KASHMIR",-1.16300
2010-11,"KULU, HIMACHAL PRADESH",-0.74900
2010-11,"ANANTNAG, JAMMU AND KASHMIR",-0.36800
2010-11,"SRINAGAR, JAMMU AND KASHMIR",0.28000
2003-02,"KARGIL, JAMMU AND KASHMIR",-32.80100
2003-02,"LADAKH, LADAKH",-25.17200
2003-02,"KINNAUR, HIMACHAL PRADESH",-12.78100
2003-02,"LAHUL AND SPITI, HIMACHAL PRADESH",-12.33700
2003-02,"BARAMULLA, JAMMU AND KASHMIR",-8.43000
2003-02,"KUPWARA, JAMMU AND KASHMIR",-7.54500
2003-02,"PULWAMA, JAMMU AND KASHMIR",-7.36900
2003-02,"SRINAGAR, JAMMU AND KASHMIR",-5.64100
2003-02,"BADGAM, JAMMU AND KASHMIR",-5.64100
2003-02,"KULU, HIMACHAL PRADESH",-4.54300
2013-06,"KARGIL, JAMMU AND KASHMIR",-2.62700
2013-06,"LADAKH, LADAKH",-2.16400
2013-06,"PULWAMA, JAMMU AND KASHMIR",3.87800
2013-06,"BARAMULLA, JAMMU AND KASHMIR",4.16300
2013-06,"KUPWARA, JAMMU AND KASHMIR",4.41800
2013-06,"KINNAUR, HIMACHAL PRADESH",7.54900
2013-06,"ANANTNAG, JAMMU AND KASHMIR",8.57500
2013-06,"LAHUL AND SPITI, HIMACHAL PRADESH",9.36150
2013-06,"BADGAM, JAMMU AND KASHMIR",11.29000
2013-06,"SRINAGAR, JAMMU AND KASHMIR",11.29000
2001-06,"LADAKH, LADAKH",-4.79500
2001-06,"KARGIL, JAMMU AND KASHMIR",-3.69200
2001-06,"KINNAUR, HIMACHAL PRADESH",4.70000
2001-06,"LAHUL AND SPITI, HIMACHAL PRADESH",6.40050
2001-06,"PULWAMA, JAMMU AND KASHMIR",6.62900
2001-06,"BARAMULLA, JAMMU AND KASHMIR",7.23400
2001-06,"KUPWARA, JAMMU AND KASHMIR",9.22200
2001-06,"SRINAGAR, JAMMU AND KASHMIR",9.32000
2001-06,"BADGAM, JAMMU AND KASHMIR",9.32000
2001-06,"KULU, HIMACHAL PRADESH",9.40700
2005-12,"KARGIL, JAMMU AND KASHMIR",-31.54100
2005-12,"LADAKH, LADAKH",-22.49800
2005-12,"KINNAUR, HIMACHAL PRADESH",-9.00550
2005-12,"LAHUL AND SPITI, HIMACHAL PRADESH",-8.81800
2005-12,"BARAMULLA, JAMMU AND KASHMIR",-6.92100
2005-12,"PULWAMA, JAMMU AND KASHMIR",-5.67500
2005-12,"KUPWARA, JAMMU AND KASHMIR",-5.36100
2005-12,"KULU, HIMACHAL PRADESH",-4.79900
2005-12,"SRINAGAR, JAMMU AND KASHMIR",-4.50200
2005-12,"BADGAM, JAMMU AND KASHMIR",-4.50200
2006-05,"KARGIL, JAMMU AND KASHMIR",-18.62600
2006-05,"LADAKH, LADAKH",-16.98900
2006-05,"KINNAUR, HIMACHAL PRADESH",0.95650
2006-05,"LAHUL AND SPITI, HIMACHAL PRADESH",1.58000
2006-05,"BARAMULLA, JAMMU AND KASHMIR",2.97100
2006-05,"PULWAMA, JAMMU AND KASHMIR",4.12900
2006-05,"KUPWARA, JAMMU AND KASHMIR",5.48900
2006-05,"BADGAM, JAMMU AND KASHMIR",6.96300
2006-05,"SRINAGAR, JAMMU AND KASHMIR",6.96300
2006-05,"PHEK, NAGALAND",7.73300
2008-09,"LADAKH, LADAKH",-6.39850
2008-09,"KARGIL, JAMMU AND KASHMIR",-5.38800
2008-09,"BARAMULLA, JAMMU AND KASHMIR",4.37500
2008-09,"KINNAUR, HIMACHAL PRADESH",4.46700
2008-09,"LAHUL AND SPITI, HIMACHAL PRADESH",4.57950
2008-09,"PULWAMA, JAMMU AND KASHMIR",5.42200
2008-09,"BADGAM, JAMMU AND KASHMIR",6.33400
2008-09,"SRINAGAR, JAMMU AND KASHMIR",6.57000
2008-09,"KUPWARA, JAMMU AND KASHMIR",7.02800
2008-09,"KULU, HIMACHAL PRADESH",7.70900
2006-04,"KARGIL, JAMMU AND KASHMIR",-24.04200
2006-04,"LADAKH, LADAKH",-23.76200
2006-04,"LAHUL AND SPITI, HIMACHAL PRADESH",-8.24600
2006-04,"KINNAUR, HIMACHAL PRADESH",-7.79050
2006-04,"BARAMULLA, JAMMU AND KASHMIR",-4.26100
2006-04,"PULWAMA, JAMMU AND KASHMIR",-3.57700
2006-04,"KUPWARA, JAMMU AND KASHMIR",-2.33700
2006-04,"BADGAM, JAMMU AND KASHMIR",-1.52400
2006-04,"SRINAGAR, JAMMU AND KASHMIR",-1.52400
2006-04,"ANANTNAG, JAMMU AND KASHMIR",0.74100
2007-08,"LADAKH, LADAKH",-0.90200
2007-08,"KARGIL, JAMMU AND KASHMIR",-0.50700
2007-08,"KINNAUR, HIMACHAL PRADESH",6.11650
2007-08,"LAHUL AND SPITI, HIMACHAL PRADESH",7.27100
2007-08,"KULU, HIMACHAL PRADESH",8.52300
2007-08,"BARAMULLA, JAMMU AND KASHMIR",8.88400
2007-08,"PULWAMA, JAMMU AND KASHMIR",9.35400
2007-08,"KUPWARA, JAMMU AND KASHMIR",9.83800
2007-08,"BADGAM, JAMMU AND KASHMIR",10.20200
2007-08,"SRINAGAR, JAMMU AND KASHMIR",10.65900
2010-02,"KARGIL, JAMMU AND KASHMIR",-24.89200
2010-02,"LADAKH, LADAKH",-23.44600
2010-02,"LAHUL AND SPITI, HIMACHAL PRADESH",-11.68300
2010-02,"KINNAUR, HIMACHAL PRADESH",-9.87950
2010-02,"BARAMULLA, JAMMU AND KASHMIR",-7.25100
2010-02,"PULWAMA, JAMMU AND KASHMIR",-6.13900
2010-02,"KUPWARA, JAMMU AND KASHMIR",-5.92100
2010-02,"SRINAGAR, JAMMU AND KASHMIR",-4.74800
2010-02,"BADGAM, JAMMU AND KASHMIR",-4.74800
2010-02,"KULU, HIMACHAL PRADESH",-4.74600
2001-05,"KARGIL, JAMMU AND KASHMIR",-16.48300
2001-05,"LADAKH, LADAKH",-16.44700
2001-05,"KINNAUR, HIMACHAL PRADESH",1.01700
2001-05,"BARAMULLA, JAMMU AND KASHMIR",3.06000
2001-05,"PULWAMA, JAMMU AND KASHMIR",3.57600
2001-05,"LAHUL AND SPITI, HIMACHAL PRADESH",4.35600
2001-05,"SRINAGAR, JAMMU AND KASHMIR",5.87500
2001-05,"BADGAM, JAMMU AND KASHMIR",5.87500
2001-05,"KUPWARA, JAMMU AND KASHMIR",6.36400
2001-05,"TAWANG, ARUNACHAL PRADESH",8.07600
2005-02,"LADAKH, LADAKH",-34.57000
2005-02,"KARGIL, JAMMU AND KASHMIR",-31.91100
2005-02,"LAHUL AND SPITI, HIMACHAL PRADESH",-12.68400
2005-02,"KINNAUR, HIMACHAL PRADESH",-11.47950
2005-02,"BARAMULLA, JAMMU AND KASHMIR",-9.08500
2005-02,"PULWAMA, JAMMU AND KASHMIR",-8.31400
2005-02,"KUPWARA, JAMMU AND KASHMIR",-7.46800
2005-02,"BADGAM, JAMMU AND KASHMIR",-6.35300
2005-02,"SRINAGAR, JAMMU AND KASHMIR",-6.35300
2005-02,"ANANTNAG, JAMMU AND KASHMIR",-6.33000
2001-11,"KARGIL, JAMMU AND KASHMIR",-27.00500
2001-11,"LADAKH, LADAKH",-19.67300
2001-11,"LAHUL AND SPITI, HIMACHAL PRADESH",-9.05900
2001-11,"KINNAUR, HIMACHAL PRADESH",-5.60650
2001-11,"BARAMULLA, JAMMU AND KASHMIR",-4.76100
2001-11,"PULWAMA, JAMMU AND KASHMIR",-3.34700
2001-11,"KUPWARA, JAMMU AND KASHMIR",-2.65800
2001-11,"KULU, HIMACHAL PRADESH",-1.39600
2001-11,"BADGAM, JAMMU AND KASHMIR",-1.36300
2001-11,"SRINAGAR, JAMMU AND KASHMIR",-1.36300
2000-08,"KARGIL, JAMMU AND KASHMIR",-6.17200
2000-08,"LADAKH, LADAKH",-3.82550
2000-08,"KINNAUR, HIMACHAL PRADESH",3.37500
2000-08,"KULU, HIMACHAL PRADESH",4.21700
2000-08,"LAHUL AND SPITI, HIMACHAL PRADESH",6.92100
2000-08,"BARAMULLA, JAMMU AND KASHMIR",8.04300
2000-08,"PULWAMA, JAMMU AND KASHMIR",8.52700
2000-08,"WEST KAMENG, ARUNACHAL PRADESH",9.84800
2000-08,"KUPWARA, JAMMU AND KASHMIR",10.20800
2000-08,"BADGAM, JAMMU AND KASHMIR",10.21100
2004-04,"KARGIL, JAMMU AND KASHMIR",-17.42600
2004-04,"LADAKH, LADAKH",-14.87800
2004-04,"KINNAUR, HIMACHAL PRADESH",0.94900
2004-04,"BARAMULLA, JAMMU AND KASHMIR",1.65600
2004-04,"LAHUL AND SPITI, HIMACHAL PRADESH",2.23800
2004-04,"KUPWARA, JAMMU AND KASHMIR",2.61000
2004-04,"PULWAMA, JAMMU AND KASHMIR",2.68000
2004-04,"SRINAGAR, JAMMU AND KASHMIR",4.02400
2004-04,"BADGAM, JAMMU AND KASHMIR",4.02400
2004-04,"KULU, HIMACHAL PRADESH",5.11600
2006-09,"KARGIL, JAMMU AND KASHMIR",-6.11500
2006-09,"LADAKH, LADAKH",-5.72000
2006-09,"KINNAUR, HIMACHAL PRADESH",4.01600
2006-09,"LAHUL AND SPITI, HIMACHAL PRADESH",4.12150
2006-09,"BARAMULLA, JAMMU AND KASHMIR",4.89400
2006-09,"PULWAMA, JAMMU AND KASHMIR",5.33000
2006-09,"KULU, HIMACHAL PRADESH",6.35200
2006-09,"KUPWARA, JAMMU AND KASHMIR",6.76100
2006-09,"SRINAGAR, JAMMU AND KASHMIR",6.88200
2006-09,"BADGAM, JAMMU AND KASHMIR",6.88200
2002-04,"KARGIL, JAMMU AND KASHMIR",-25.39500
2002-04,"LADAKH, LADAKH",-25.16450
2002-04,"KINNAUR, HIMACHAL PRADESH",-4.96650
2002-04,"LAHUL AND SPITI, HIMACHAL PRADESH",-4.93700
2002-04,"BARAMULLA, JAMMU AND KASHMIR",-1.41800
2002-04,"PULWAMA, JAMMU AND KASHMIR",-1.09500
2002-04,"KUPWARA, JAMMU AND KASHMIR",0.06400
2002-04,"SRINAGAR, JAMMU AND KASHMIR",1.33600
2002-04,"BADGAM, JAMMU AND KASHMIR",1.33600
2002-04,"TAWANG, ARUNACHAL PRADESH",2.87900
2003-07,"LADAKH, LADAKH",-1.77600
2003-07,"KARGIL, JAMMU AND KASHMIR",-1.50200
2003-07,"LAHUL AND SPITI, HIMACHAL PRADESH",6.52100
2003-07,"KINNAUR, HIMACHAL PRADESH",7.35900
2003-07,"BARAMULLA, JAMMU AND KASHMIR",9.58100
2003-07,"KULU, HIMACHAL PRADESH",9.93500
2003-07,"PULWAMA, JAMMU AND KASHMIR",10.11600
2003-07,"KUPWARA, JAMMU AND KASHMIR",11.14300
2003-07,"SRINAGAR, JAMMU AND KASHMIR",11.40900
2003-07,"BADGAM, JAMMU AND KASHMIR",11.40900
2010-04,"LADAKH, LADAKH",-17.26350
2010-04,"KARGIL, JAMMU AND KASHMIR",-15.35100
2010-04,"BARAMULLA, JAMMU AND KASHMIR",-1.43700
2010-04,"LAHUL AND SPITI, HIMACHAL PRADESH",-1.28600
2010-04,"KINNAUR, HIMACHAL PRADESH",-0.98200
2010-04,"KUPWARA, JAMMU AND KASHMIR",0.28000
2010-04,"PULWAMA, JAMMU AND KASHMIR",0.75600
2010-04,"SRINAGAR, JAMMU AND KASHMIR",2.41400
2010-04,"BADGAM, JAMMU AND KASHMIR",2.41400
2010-04,"ANANTNAG, JAMMU AND KASHMIR",3.88100
2002-03,"KARGIL, JAMMU AND KASHMIR",-32.52600
2002-03,"LADAKH, LADAKH",-29.19350
2002-03,"KINNAUR, HIMACHAL PRADESH",-12.47400
2002-03,"LAHUL AND SPITI, HIMACHAL PRADESH",-9.35500
2002-03,"PULWAMA, JAMMU AND KASHMIR",-6.64300
2002-03,"BARAMULLA, JAMMU AND KASHMIR",-6.40900
2002-03,"ANANTNAG, JAMMU AND KASHMIR",-4.31700
2002-03,"SRINAGAR, JAMMU AND KASHMIR",-4.01400
2002-03,"BADGAM, JAMMU AND KASHMIR",-4.01400
2002-03,"KULU, HIMACHAL PRADESH",-3.81800
2011-05,"KARGIL, JAMMU AND KASHMIR",-18.80000
2011-05,"LADAKH, LADAKH",-9.71800
2011-05,"PULWAMA, JAMMU AND KASHMIR",2.77300
2011-05,"BARAMULLA, JAMMU AND KASHMIR",2.89600
2011-05,"KUPWARA, JAMMU AND KASHMIR",4.15100
2011-05,"ANANTNAG, JAMMU AND KASHMIR",5.79700
2011-05,"KINNAUR, HIMACHAL PRADESH",6.23900
2011-05,"PHEK, NAGALAND",7.30200
2011-05,"LAHUL AND SPITI, HIMACHAL PRADESH",7.63850
2011-05,"UPPER SIANG, ARUNACHAL PRADESH",9.12650
2000-02,"LADAKH, LADAKH",-37.05050
2000-02,"KARGIL, JAMMU AND KASHMIR",-27.75000
2000-02,"KINNAUR, HIMACHAL PRADESH",-19.33750
2000-02,"LAHUL AND SPITI, HIMACHAL PRADESH",-16.76050
2000-02,"BARAMULLA, JAMMU AND KASHMIR",-8.44700
2000-02,"PULWAMA, JAMMU AND KASHMIR",-8.28600
2000-02,"KULU, HIMACHAL PRADESH",-7.88200
2000-02,"SRINAGAR, JAMMU AND KASHMIR",-7.35400
2000-02,"BADGAM, JAMMU AND KASHMIR",-7.35400
2000-02,"KUPWARA, JAMMU AND KASHMIR",-7.09800
2000-01,"LADAKH, LADAKH",-36.54850
2000-01,"KARGIL, JAMMU AND KASHMIR",-28.00900
2000-01,"KINNAUR, HIMACHAL PRADESH",-13.74850
2000-01,"LAHUL AND SPITI, HIMACHAL PRADESH",-13.20350
2000-01,"BARAMULLA, JAMMU AND KASHMIR",-11.17800
2000-01,"PULWAMA, JAMMU AND KASHMIR",-9.79900
2000-01,"KUPWARA, JAMMU AND KASHMIR",-9.35500
2000-01,"SRINAGAR, JAMMU AND KASHMIR",-8.93600
2000-01,"BADGAM, JAMMU AND KASHMIR",-8.93600
2000-01,"KULU, HIMACHAL PRADESH",-7.29700
2002-12,"KARGIL, JAMMU AND KASHMIR",-29.15700
2002-12,"LADAKH, LADAKH",-23.93600
2002-12,"LAHUL AND SPITI, HIMACHAL PRADESH",-11.50600
2002-12,"KINNAUR, HIMACHAL PRADESH",-9.79300
2002-12,"BARAMULLA, JAMMU AND KASHMIR",-8.25600
2002-12,"PULWAMA, JAMMU AND KASHMIR",-7.07300
2002-12,"KUPWARA, JAMMU AND KASHMIR",-6.37900
2002-12,"TAWANG, ARUNACHAL PRADESH",-5.72900
2002-12,"KULU, HIMACHAL PRADESH",-5.53100
2002-12,"ANANTNAG, JAMMU AND KASHMIR",-5.06600
2012-08,"KARGIL, JAMMU AND KASHMIR",0.37800
2012-08,"LADAKH, LADAKH",0.98700
2012-08,"PULWAMA, JAMMU AND KASHMIR",5.81300
2012-08,"KUPWARA, JAMMU AND KASHMIR",7.74200
2012-08,"BARAMULLA, JAMMU AND KASHMIR",7.95700
2012-08,"LAHUL AND SPITI, HIMACHAL PRADESH",9.33050
2012-08,"KINNAUR, HIMACHAL PRADESH",10.00850
2012-08,"ANANTNAG, JAMMU AND KASHMIR",10.62600
2012-08,"BADGAM, JAMMU AND KASHMIR",12.35400
2012-08,"SRINAGAR, JAMMU AND KASHMIR",12.35400
2004-02,"KARGIL, JAMMU AND KASHMIR",-34.61400
2004-02,"LADAKH, LADAKH",-33.24800
2004-02,"LAHUL AND SPITI, HIMACHAL PRADESH",-15.76050
2004-02,"KINNAUR, HIMACHAL PRADESH",-15.15300
2004-02,"BARAMULLA, JAMMU AND KASHMIR",-9.79300
2004-02,"KUPWARA, JAMMU AND KASHMIR",-8.38600
2004-02,"PULWAMA, JAMMU AND KASHMIR",-8.31400
2004-02,"ANANTNAG, JAMMU AND KASHMIR",-6.61200
2004-02,"BADGAM, JAMMU AND KASHMIR",-6.54700
2004-02,"SRINAGAR, JAMMU AND KASHMIR",-6.54700
2012-02,"LADAKH, LADAKH",-38.50350
2012-02,"KARGIL, JAMMU AND KASHMIR",-35.83500
2012-02,"PULWAMA, JAMMU AND KASHMIR",-12.33800
2012-02,"BARAMULLA, JAMMU AND KASHMIR",-11.97700
2012-02,"KUPWARA, JAMMU AND KASHMIR",-11.57300
2012-02,"KINNAUR, HIMACHAL PRADESH",-10.47100
2012-02,"LAHUL AND SPITI, HIMACHAL PRADESH",-9.95100
2012-02,"ANANTNAG, JAMMU AND KASHMIR",-8.24800
2012-02,"SRINAGAR, JAMMU AND KASHMIR",-4.62900
2012-02,"BADGAM, JAMMU AND KASHMIR",-4.62900
2006-03,"KARGIL, JAMMU AND KASHMIR",-29.94100
2006-03,"LADAKH, LADAKH",-29.28500
2006-03,"LAHUL AND SPITI, HIMACHAL PRADESH",-9.89500
2006-03,"KINNAUR, HIMACHAL PRADESH",-8.43600
2006-03,"BARAMULLA, JAMMU AND KASHMIR",-4.28800
2006-03,"PULWAMA, JAMMU AND KASHMIR",-3.83400
2006-03,"KUPWARA, JAMMU AND KASHMIR",-2.29400
2006-03,"BADGAM, JAMMU AND KASHMIR",-2.19900
2006-03,"SRINAGAR, JAMMU AND KASHMIR",-2.19900
2006-03,"ANANTNAG, JAMMU AND KASHMIR",-1.17700
2010-03,"KARGIL, JAMMU AND KASHMIR",-19.90900
2010-03,"LADAKH, LADAKH",-18.51950
2010-03,"LAHUL AND SPITI, HIMACHAL PRADESH",-5.73000
2010-03,"KINNAUR, HIMACHAL PRADESH",-5.24550
2010-03,"BARAMULLA, JAMMU AND KASHMIR",-3.67200
2010-03,"KUPWARA, JAMMU AND KASHMIR",-2.85800
2010-03,"PULWAMA, JAMMU AND KASHMIR",-1.39100
2010-03,"BADGAM, JAMMU AND KASHMIR",-0.31500
2010-03,"SRINAGAR, JAMMU AND KASHMIR",-0.31500
2010-03,"ANANTNAG, JAMMU AND KASHMIR",0.89200
2000-07,"KARGIL, JAMMU AND KASHMIR",-4.09000
2000-07,"LADAKH, LADAKH",-1.45800
2000-07,"KINNAUR, HIMACHAL PRADESH",1.32050
2000-07,"KULU, HIMACHAL PRADESH",5.07900
2000-07,"LAHUL AND SPITI, HIMACHAL PRADESH",8.39150
2000-07,"BARAMULLA, JAMMU AND KASHMIR",9.08200
2000-07,"PULWAMA, JAMMU AND KASHMIR",10.42200
2000-07,"TAWANG, ARUNACHAL PRADESH",10.72000
2000-07,"KUPWARA, JAMMU AND KASHMIR",11.21900
2000-07,"BADGAM, JAMMU AND KASHMIR",11.88700
2001-10,"KARGIL, JAMMU AND KASHMIR",-19.97000
2001-10,"LADAKH, LADAKH",-15.23700
2001-10,"LAHUL AND SPITI, HIMACHAL PRADESH",-1.14750
2001-10,"KINNAUR, HIMACHAL PRADESH",-0.70000
2001-10,"BARAMULLA, JAMMU AND KASHMIR",1.80100
2001-10,"KUPWARA, JAMMU AND KASHMIR",2.91200
2001-10,"PULWAMA, JAMMU AND KASHMIR",3.31100
2001-10,"ANANTNAG, JAMMU AND KASHMIR",4.57700
2001-10,"KULU, HIMACHAL PRADESH",4.62000
2001-10,"BADGAM, JAMMU AND KASHMIR",4.94900
2004-11,"KARGIL, JAMMU AND KASHMIR",-25.43600
2004-11,"LADAKH, LADAKH",-18.47600
2004-11,"LAHUL AND SPITI, HIMACHAL PRADESH",-7.62400
2004-11,"KINNAUR, HIMACHAL PRADESH",-5.14650
2004-11,"BARAMULLA, JAMMU AND KASHMIR",-2.13800
2004-11,"KULU, HIMACHAL PRADESH",-0.69700
2004-11,"PULWAMA, JAMMU AND KASHMIR",-0.65100
2004-11,"KUPWARA, JAMMU AND KASHMIR",-0.20000
2004-11,"ANANTNAG, JAMMU AND KASHMIR",0.06400
2004-11,"SRINAGAR, JAMMU AND KASHMIR",0.48200
2007-07,"LADAKH, LADAKH",-1.60100
2007-07,"KARGIL, JAMMU AND KASHMIR",-0.22300
2007-07,"KINNAUR, HIMACHAL PRADESH",6.39400
2007-07,"LAHUL AND SPITI, HIMACHAL PRADESH",7.20600
2007-07,"PULWAMA, JAMMU AND KASHMIR",10.10000
2007-07,"KULU, HIMACHAL PRADESH",10.20300
2007-07,"BARAMULLA, JAMMU AND KASHMIR",10.32400
2007-07,"KUPWARA, JAMMU AND KASHMIR",10.67200
2007-07,"BADGAM, JAMMU AND KASHMIR",11.52900
2007-07,"SRINAGAR, JAMMU AND KASHMIR",11.52900
2012-04,"KARGIL, JAMMU AND KASHMIR",-22.93200
2012-04,"LADAKH, LADAKH",-17.00100
2012-04,"PULWAMA, JAMMU AND KASHMIR",-2.31900
2012-04,"BARAMULLA, JAMMU AND KASHMIR",-1.99300
2012-04,"KUPWARA, JAMMU AND KASHMIR",-1.69100
2012-04,"KINNAUR, HIMACHAL PRADESH",0.06900
2012-04,"ANANTNAG, JAMMU AND KASHMIR",1.59600
2012-04,"LAHUL AND SPITI, HIMACHAL PRADESH",1.66200
2012-04,"SRINAGAR, JAMMU AND KASHMIR",4.75600
2012-04,"BADGAM, JAMMU AND KASHMIR",4.75600
2003-12,"KARGIL, JAMMU AND KASHMIR",-33.92900
2003-12,"LADAKH, LADAKH",-31.02000
2003-12,"KINNAUR, HIMACHAL PRADESH",-12.89200
2003-12,"LAHUL AND SPITI, HIMACHAL PRADESH",-12.41550
2003-12,"BARAMULLA, JAMMU AND KASHMIR",-10.07700
2003-12,"PULWAMA, JAMMU AND KASHMIR",-9.20900
2003-12,"KUPWARA, JAMMU AND KASHMIR",-8.20600
2003-12,"BADGAM, JAMMU AND KASHMIR",-7.18400
2003-12,"SRINAGAR, JAMMU AND KASHMIR",-7.18400
2003-12,"KULU, HIMACHAL PRADESH",-5.29400
2010-01,"LADAKH, LADAKH",-24.64800
2010-01,"KARGIL, JAMMU AND KASHMIR",-24.60600
2010-01,"KINNAUR, HIMACHAL PRADESH",-8.08200
2010-01,"LAHUL AND SPITI, HIMACHAL PRADESH",-7.79850
2010-01,"BARAMULLA, JAMMU AND KASHMIR",-7.27700
2010-01,"KUPWARA, JAMMU AND KASHMIR",-6.23400
2010-01,"PULWAMA, JAMMU AND KASHMIR",-5.29500
2010-01,"ANANTNAG, JAMMU AND KASHMIR",-4.74000
2010-01,"BADGAM, JAMMU AND KASHMIR",-4.51000
2010-01,"SRINAGAR, JAMMU AND KASHMIR",-4.51000
2010-09,"LADAKH, LADAKH",-6.96400
2010-09,"KARGIL, JAMMU AND KASHMIR",-6.58100
2010-09,"LAHUL AND SPITI, HIMACHAL PRADESH",3.85350
2010-09,"BARAMULLA, JAMMU AND KASHMIR",3.87200
2010-09,"KINNAUR, HIMACHAL PRADESH",4.07600
2010-09,"PULWAMA, JAMMU AND KASHMIR",4.83500
2010-09,"KULU, HIMACHAL PRADESH",6.06900
2010-09,"KUPWARA, JAMMU AND KASHMIR",6.21500
2010-09,"SRINAGAR, JAMMU AND KASHMIR",6.32900
2010-09,"BADGAM, JAMMU AND KASHMIR",6.32900
2012-05,"KARGIL, JAMMU AND KASHMIR",-16.74700
2012-05,"LADAKH, LADAKH",-15.13300
2012-05,"BARAMULLA, JAMMU AND KASHMIR",-2.02600
2012-05,"PULWAMA, JAMMU AND KASHMIR",-1.73300
2012-05,"KUPWARA, JAMMU AND KASHMIR",-1.72800
2012-05,"KINNAUR, HIMACHAL PRADESH",1.74350
2012-05,"ANANTNAG, JAMMU AND KASHMIR",1.78500
2012-05,"LAHUL AND SPITI, HIMACHAL PRADESH",2.70750
2012-05,"SRINAGAR, JAMMU AND KASHMIR",4.86500
2012-05,"BADGAM, JAMMU AND KASHMIR",4.86500
2005-10,"KARGIL, JAMMU AND KASHMIR",-15.21100
2005-10,"LADAKH, LADAKH",-14.08900
2005-10,"LAHUL AND SPITI, HIMACHAL PRADESH",-1.54850
2005-10,"KINNAUR, HIMACHAL PRADESH",-0.37650
2005-10,"BARAMULLA, JAMMU AND KASHMIR",0.61700
2005-10,"KULU, HIMACHAL PRADESH",1.69500
2005-10,"PULWAMA, JAMMU AND KASHMIR",1.95700
2005-10,"KUPWARA, JAMMU AND KASHMIR",2.14200
2005-10,"ANANTNAG, JAMMU AND KASHMIR",2.17400
2005-10,"SRINAGAR, JAMMU AND KASHMIR",2.56000
2006-08,"LADAKH, LADAKH",0.43600
2006-08,"KARGIL, JAMMU AND KASHMIR",0.95900
2006-08,"LAHUL AND SPITI, HIMACHAL PRADESH",6.34250
2006-08,"KINNAUR, HIMACHAL PRADESH",6.98550
2006-08,"BARAMULLA, JAMMU AND KASHMIR",8.52100
2006-08,"PULWAMA, JAMMU AND KASHMIR",9.15400
2006-08,"KULU, HIMACHAL PRADESH",10.11900
2006-08,"BADGAM, JAMMU AND KASHMIR",10.40200
2006-08,"SRINAGAR, JAMMU AND KASHMIR",10.40200
2006-08,"KUPWARA, JAMMU AND KASHMIR",10.44900
2008-08,"LADAKH, LADAKH",-1.92900
2008-08,"KARGIL, JAMMU AND KASHMIR",-1.32800
2008-08,"KINNAUR, HIMACHAL PRADESH",6.10050
2008-08,"BARAMULLA, JAMMU AND KASHMIR",7.56800
2008-08,"LAHUL AND SPITI, HIMACHAL PRADESH",7.71800
2008-08,"PULWAMA, JAMMU AND KASHMIR",8.30400
2008-08,"KULU, HIMACHAL PRADESH",8.46800
2008-08,"KUPWARA, JAMMU AND KASHMIR",9.68800
2008-08,"SRINAGAR, JAMMU AND KASHMIR",9.87300
2008-08,"BADGAM, JAMMU AND KASHMIR",9.87300
2009-10,"KARGIL, JAMMU AND KASHMIR",-17.09500
2009-10,"LADAKH, LADAKH",-15.12150
2009-10,"LAHUL AND SPITI, HIMACHAL PRADESH",-5.08700
2009-10,"BARAMULLA, JAMMU AND KASHMIR",-2.89900
2009-10,"ANANTNAG, JAMMU AND KASHMIR",-1.41800
2009-10,"KUPWARA, JAMMU AND KASHMIR",-1.22000
2009-10,"PULWAMA, JAMMU AND KASHMIR",-0.04700
2009-10,"KINNAUR, HIMACHAL PRADESH",0.08700
2009-10,"BADGAM, JAMMU AND KASHMIR",1.72100
2009-10,"SRINAGAR, JAMMU AND KASHMIR",1.72100
2001-04,"LADAKH, LADAKH",-25.72500
2001-04,"KARGIL, JAMMU AND KASHMIR",-23.45700
2001-04,"KINNAUR, HIMACHAL PRADESH",-5.36950
2001-04,"LAHUL AND SPITI, HIMACHAL PRADESH",-4.44600
2001-04,"BARAMULLA, JAMMU AND KASHMIR",-1.91800
2001-04,"PULWAMA, JAMMU AND KASHMIR",-0.84900
2001-04,"KUPWARA, JAMMU AND KASHMIR",0.23800
2001-04,"BADGAM, JAMMU AND KASHMIR",1.03400
2001-04,"SRINAGAR, JAMMU AND KASHMIR",1.03400
2001-04,"KULU, HIMACHAL PRADESH",1.75700
2007-12,"LADAKH, LADAKH",-35.34500
2007-12,"KARGIL, JAMMU AND KASHMIR",-32.73800
2007-12,"LAHUL AND SPITI, HIMACHAL PRADESH",-13.80900
2007-12,"KINNAUR, HIMACHAL PRADESH",-13.65350
2007-12,"BARAMULLA, JAMMU AND KASHMIR",-9.98200
2007-12,"PULWAMA, JAMMU AND KASHMIR",-8.98000
2007-12,"KUPWARA, JAMMU AND KASHMIR",-8.18100
2007-12,"SRINAGAR, JAMMU AND KASHMIR",-6.56400
2007-12,"BADGAM, JAMMU AND KASHMIR",-6.56400
2007-12,"KULU, HIMACHAL PRADESH",-5.68100
2005-11,"KARGIL, JAMMU AND KASHMIR",-23.49100
2005-11,"LADAKH, LADAKH",-20.46050
2005-11,"LAHUL AND SPITI, HIMACHAL PRADESH",-6.84250
2005-11,"KINNAUR, HIMACHAL PRADESH",-4.85750
2005-11,"BARAMULLA, JAMMU AND KASHMIR",-4.01100
2005-11,"KUPWARA, JAMMU AND KASHMIR",-3.26700
2005-11,"KULU, HIMACHAL PRADESH",-2.87000
2005-11,"PULWAMA, JAMMU AND KASHMIR",-2.36000
2005-11,"SRINAGAR, JAMMU AND KASHMIR",-1.33600
2005-11,"BADGAM, JAMMU AND KASHMIR",-1.33600
2010-06,"LADAKH, LADAKH",-11.88850
2010-06,"KARGIL, JAMMU AND KASHMIR",-11.23500
2010-06,"BARAMULLA, JAMMU AND KASHMIR",2.46600
2010-06,"KUPWARA, JAMMU AND KASHMIR",3.34500
2010-06,"LAHUL AND SPITI, HIMACHAL PRADESH",4.09050
2010-06,"PULWAMA, JAMMU AND KASHMIR",4.35200
2010-06,"KINNAUR, HIMACHAL PRADESH",5.62400
2010-06,"BADGAM, JAMMU AND KASHMIR",6.05000
2010-06,"SRINAGAR, JAMMU AND KASHMIR",6.05000
2010-06,"ANANTNAG, JAMMU AND KASHMIR",6.30600
2005-01,"LADAKH, LADAKH",-36.06450
2005-01,"KARGIL, JAMMU AND KASHMIR",-35.91200
2005-01,"LAHUL AND SPITI, HIMACHAL PRADESH",-15.30800
2005-01,"KINNAUR, HIMACHAL PRADESH",-12.62100
2005-01,"BARAMULLA, JAMMU AND KASHMIR",-10.13600
2005-01,"KUPWARA, JAMMU AND KASHMIR",-8.65400
2005-01,"PULWAMA, JAMMU AND KASHMIR",-8.58100
2005-01,"SRINAGAR, JAMMU AND KASHMIR",-7.15800
2005-01,"BADGAM, JAMMU AND KASHMIR",-7.15800
2005-01,"ANANTNAG, JAMMU AND KASHMIR",-5.77800
2002-09,"LADAKH, LADAKH",-7.92950
2002-09,"KARGIL, JAMMU AND KASHMIR",-6.56800
2002-09,"LAHUL AND SPITI, HIMACHAL PRADESH",2.53700
2002-09,"KINNAUR, HIMACHAL PRADESH",3.13250
2002-09,"BARAMULLA, JAMMU AND KASHMIR",5.11200
2002-09,"PULWAMA, JAMMU AND KASHMIR",5.57600
2002-09,"KUPWARA, JAMMU AND KASHMIR",6.57500
2002-09,"KULU, HIMACHAL PRADESH",6.71300
2002-09,"ANANTNAG, JAMMU AND KASHMIR",7.06200
2002-09,"BADGAM, JAMMU AND KASHMIR",7.31400
2004-10,"KARGIL, JAMMU AND KASHMIR",-23.16900
2004-10,"LADAKH, LADAKH",-16.09750
2004-10,"LAHUL AND SPITI, HIMACHAL PRADESH",-6.99050
2004-10,"KINNAUR, HIMACHAL PRADESH",-3.11450
2004-10,"BARAMULLA, JAMMU AND KASHMIR",-1.67400
2004-10,"PULWAMA, JAMMU AND KASHMIR",-0.69200
2004-10,"KUPWARA, JAMMU AND KASHMIR",0.40200
2004-10,"SRINAGAR, JAMMU AND KASHMIR",0.82400
2004-10,"BADGAM, JAMMU AND KASHMIR",0.82400
2004-10,"ANANTNAG, JAMMU AND KASHMIR",1.22100
2008-05,"KARGIL, JAMMU AND KASHMIR",-21.18800
2008-05,"LADAKH, LADAKH",-11.06100
2008-05,"LAHUL AND SPITI, HIMACHAL PRADESH",2.28700
2008-05,"KINNAUR, HIMACHAL PRADESH",2.78200
2008-05,"BARAMULLA, JAMMU AND KASHMIR",4.98100
2008-05,"PULWAMA, JAMMU AND KASHMIR",5.93300
2008-05,"KUPWARA, JAMMU AND KASHMIR",7.17400
2008-05,"SRINAGAR, JAMMU AND KASHMIR",7.23800
2008-05,"BADGAM, JAMMU AND KASHMIR",7.23800
2008-05,"ANANTNAG, JAMMU AND KASHMIR",9.34200
2012-12,"KARGIL, JAMMU AND KASHMIR",-35.50400
2012-12,"LADAKH, LADAKH",-34.43550
2012-12,"KUPWARA, JAMMU AND KASHMIR",-8.59200
2012-12,"BARAMULLA, JAMMU AND KASHMIR",-7.80700
2012-12,"PULWAMA, JAMMU AND KASHMIR",-7.19600
2012-12,"LAHUL AND SPITI, HIMACHAL PRADESH",-4.95450
2012-12,"KINNAUR, HIMACHAL PRADESH",-4.65700
2012-12,"SENAPATI, MANIPUR",-3.78700
2012-12,"ANANTNAG, JAMMU AND KASHMIR",-3.24400
2012-12,"PITHORGARH, UTTARAKHAND",-3.03600
2012-07,"KARGIL, JAMMU AND KASHMIR",-0.42900
2012-07,"LADAKH, LADAKH",-0.20700
2012-07,"PULWAMA, JAMMU AND KASHMIR",7.63100
2012-07,"BARAMULLA, JAMMU AND KASHMIR",8.20000
2012-07,"LAHUL AND SPITI, HIMACHAL PRADESH",9.31350
2012-07,"KUPWARA, JAMMU AND KASHMIR",9.85200
2012-07,"KINNAUR, HIMACHAL PRADESH",9.93500
2012-07,"ANANTNAG, JAMMU AND KASHMIR",12.69800
2012-07,"PITHORGARH, UTTARAKHAND",14.63300
2012-07,"KULU, HIMACHAL PRADESH",14.89700
2000-09,"LADAKH, LADAKH",-9.02650
2000-09,"KARGIL, JAMMU AND KASHMIR",-7.46400
2000-09,"BARAMULLA, JAMMU AND KASHMIR",2.52600
2000-09,"LAHUL AND SPITI, HIMACHAL PRADESH",3.03500
2000-09,"KINNAUR, HIMACHAL PRADESH",3.21550
2000-09,"KUPWARA, JAMMU AND KASHMIR",4.05700
2000-09,"PULWAMA, JAMMU AND KASHMIR",4.12500
2000-09,"KULU, HIMACHAL PRADESH",5.75800
2000-09,"SRINAGAR, JAMMU AND KASHMIR",5.85600
2000-09,"BADGAM, JAMMU AND KASHMIR",5.85600
2002-06,"KARGIL, JAMMU AND KASHMIR",-3.55000
2002-06,"LADAKH, LADAKH",-3.30950
2002-06,"KINNAUR, HIMACHAL PRADESH",6.06550
2002-06,"LAHUL AND SPITI, HIMACHAL PRADESH",6.57100
2002-06,"BARAMULLA, JAMMU AND KASHMIR",8.61100
2002-06,"KUPWARA, JAMMU AND KASHMIR",9.09200
2002-06,"ANANTNAG, JAMMU AND KASHMIR",9.47200
2002-06,"PULWAMA, JAMMU AND KASHMIR",9.73600
2002-06,"KULU, HIMACHAL PRADESH",10.44400
2002-06,"BADGAM, JAMMU AND KASHMIR",10.94700
2011-03,"LADAKH, LADAKH",-36.33350
2011-03,"KARGIL, JAMMU AND KASHMIR",-30.48900
2011-03,"KUPWARA, JAMMU AND KASHMIR",-8.64300
2011-03,"BARAMULLA, JAMMU AND KASHMIR",-7.64600
2011-03,"PULWAMA, JAMMU AND KASHMIR",-6.84200
2011-03,"KINNAUR, HIMACHAL PRADESH",-4.34900
2011-03,"LAHUL AND SPITI, HIMACHAL PRADESH",-3.64200
2011-03,"ANANTNAG, JAMMU AND KASHMIR",-2.63100
2011-03,"SRINAGAR, JAMMU AND KASHMIR",0.22200
2011-03,"BADGAM, JAMMU AND KASHMIR",0.22200
2010-07,"KARGIL, JAMMU AND KASHMIR",-2.99700
2010-07,"LADAKH, LADAKH",-2.62400
2010-07,"LAHUL AND SPITI, HIMACHAL PRADESH",6.93550
2010-07,"KINNAUR, HIMACHAL PRADESH",7.49350
2010-07,"BARAMULLA, JAMMU AND KASHMIR",9.00600
2010-07,"PULWAMA, JAMMU AND KASHMIR",10.13900
2010-07,"KUPWARA, JAMMU AND KASHMIR",10.58100
2010-07,"KULU, HIMACHAL PRADESH",10.70300
2010-07,"SRINAGAR, JAMMU AND KASHMIR",11.75700
2010-07,"BADGAM, JAMMU AND KASHMIR",11.75700
2006-10,"LADAKH, LADAKH",-12.73050
2006-10,"KARGIL, JAMMU AND KASHMIR",-10.55600
2006-10,"KINNAUR, HIMACHAL PRADESH",-0.74800
2006-10,"LAHUL AND SPITI, HIMACHAL PRADESH",0.37900
2006-10,"BARAMULLA, JAMMU AND KASHMIR",1.43700
2006-10,"PULWAMA, JAMMU AND KASHMIR",1.61800
2006-10,"KULU, HIMACHAL PRADESH",2.34100
2006-10,"BADGAM, JAMMU AND KASHMIR",3.15200
2006-10,"SRINAGAR, JAMMU AND KASHMIR",3.15200
2006-10,"KUPWARA, JAMMU AND KASHMIR",3.33800
2005-05,"KARGIL, JAMMU AND KASHMIR",-20.91000
2005-05,"LADAKH, LADAKH",-13.78750
2005-05,"LAHUL AND SPITI, HIMACHAL PRADESH",-2.70800
2005-05,"BARAMULLA, JAMMU AND KASHMIR",0.75700
2005-05,"KINNAUR, HIMACHAL PRADESH",1.68850
2005-05,"PULWAMA, JAMMU AND KASHMIR",1.88500
2005-05,"KUPWARA, JAMMU AND KASHMIR",3.35600
2005-05,"BADGAM, JAMMU AND KASHMIR",4.23800
2005-05,"SRINAGAR, JAMMU AND KASHMIR",4.23800
2005-05,"KULU, HIMACHAL PRADESH",6.70800
2001-03,"KARGIL, JAMMU AND KASHMIR",-31.14300
2001-03,"LADAKH, LADAKH",-30.64150
2001-03,"KINNAUR, HIMACHAL PRADESH",-11.75550
2001-03,"LAHUL AND SPITI, HIMACHAL PRADESH",-10.11200
2001-03,"BARAMULLA, JAMMU AND KASHMIR",-6.55200
2001-03,"PULWAMA, JAMMU AND KASHMIR",-5.39100
2001-03,"KUPWARA, JAMMU AND KASHMIR",-4.79200
2001-03,"ANANTNAG, JAMMU AND KASHMIR",-4.54500
2001-03,"BADGAM, JAMMU AND KASHMIR",-4.30800
2001-03,"SRINAGAR, JAMMU AND KASHMIR",-4.30800
2007-09,"KARGIL, JAMMU AND KASHMIR",-10.45200
2007-09,"LADAKH, LADAKH",-9.45200
2007-09,"LAHUL AND SPITI, HIMACHAL PRADESH",2.50200
2007-09,"KINNAUR, HIMACHAL PRADESH",3.30250
2007-09,"BARAMULLA, JAMMU AND KASHMIR",3.64100
2007-09,"PULWAMA, JAMMU AND KASHMIR",4.15400
2007-09,"KUPWARA, JAMMU AND KASHMIR",5.19800
2007-09,"ANANTNAG, JAMMU AND KASHMIR",5.91700
2007-09,"SRINAGAR, JAMMU AND KASHMIR",6.29200
2007-09,"BADGAM, JAMMU AND KASHMIR",6.29200
2011-01,"KARGIL, JAMMU AND KASHMIR",-34.49500
2011-01,"LADAKH, LADAKH",-33.42650
2011-01,"PULWAMA, JAMMU AND KASHMIR",-17.24000
2011-01,"BARAMULLA, JAMMU AND KASHMIR",-11.49500
2011-01,"KUPWARA, JAMMU AND KASHMIR",-10.58500
2011-01,"ANANTNAG, JAMMU AND KASHMIR",-8.80500
2011-01,"KINNAUR, HIMACHAL PRADESH",-8.30100
2011-01,"LAHUL AND SPITI, HIMACHAL PRADESH",-6.85900
2011-01,"BADGAM, JAMMU AND KASHMIR",-4.60800
2011-01,"SRINAGAR, JAMMU AND KASHMIR",-4.60800
2013-11,"KARGIL, JAMMU AND KASHMIR",-22.32500
2013-11,"LADAKH, LADAKH",-21.59600
2013-11,"BARAMULLA, JAMMU AND KASHMIR",-4.56500
2013-11,"PULWAMA, JAMMU AND KASHMIR",-4.43000
2013-11,"KUPWARA, JAMMU AND KASHMIR",-4.10600
2013-11,"LAHUL AND SPITI, HIMACHAL PRADESH",-2.11450
2013-11,"PITHORGARH, UTTARAKHAND",-1.00400
2013-11,"KINNAUR, HIMACHAL PRADESH",-0.95300
2013-11,"ANANTNAG, JAMMU AND KASHMIR",-0.61800
2013-11,"PHEK, NAGALAND",1.19900
2012-01,"LADAKH, LADAKH",-42.52250
2012-01,"KARGIL, JAMMU AND KASHMIR",-38.42400
2012-01,"BARAMULLA, JAMMU AND KASHMIR",-13.91900
2012-01,"KUPWARA, JAMMU AND KASHMIR",-13.73600
2012-01,"PULWAMA, JAMMU AND KASHMIR",-13.52200
2012-01,"KINNAUR, HIMACHAL PRADESH",-11.34800
2012-01,"LAHUL AND SPITI, HIMACHAL PRADESH",-8.97600
2012-01,"ANANTNAG, JAMMU AND KASHMIR",-8.96900
2012-01,"BADGAM, JAMMU AND KASHMIR",-5.47100
2012-01,"SRINAGAR, JAMMU AND KASHMIR",-5.47100
2003-01,"KARGIL, JAMMU AND KASHMIR",-31.40700
2003-01,"LADAKH, LADAKH",-24.35600
2003-01,"LAHUL AND SPITI, HIMACHAL PRADESH",-11.42900
2003-01,"KINNAUR, HIMACHAL PRADESH",-11.19750
2003-01,"BARAMULLA, JAMMU AND KASHMIR",-7.52600
2003-01,"KULU, HIMACHAL PRADESH",-6.59000
2003-01,"PULWAMA, JAMMU AND KASHMIR",-6.48600
2003-01,"KUPWARA, JAMMU AND KASHMIR",-6.37300
2003-01,"BADGAM, JAMMU AND KASHMIR",-5.63200
2003-01,"SRINAGAR, JAMMU AND KASHMIR",-5.63200
2008-06,"KARGIL, JAMMU AND KASHMIR",-1.92800
2008-06,"LADAKH, LADAKH",-1.52450
2008-06,"KINNAUR, HIMACHAL PRADESH",5.75450
2008-06,"LAHUL AND SPITI, HIMACHAL PRADESH",8.18950
2008-06,"KULU, HIMACHAL PRADESH",9.83200
2008-06,"BARAMULLA, JAMMU AND KASHMIR",10.02300
2008-06,"PULWAMA, JAMMU AND KASHMIR",10.09900
2008-06,"TAWANG, ARUNACHAL PRADESH",11.27000
2008-06,"BADGAM, JAMMU AND KASHMIR",11.95700
2008-06,"SRINAGAR, JAMMU AND KASHMIR",11.95700
2009-08,"LADAKH, LADAKH",-3.23800
2009-08,"KARGIL, JAMMU AND KASHMIR",-2.62800
2009-08,"LAHUL AND SPITI, HIMACHAL PRADESH",5.25300
2009-08,"KINNAUR, HIMACHAL PRADESH",6.45550
2009-08,"BARAMULLA, JAMMU AND KASHMIR",8.30600
2009-08,"PULWAMA, JAMMU AND KASHMIR",8.52300
2009-08,"KULU, HIMACHAL PRADESH",8.89700
2009-08,"BADGAM, JAMMU AND KASHMIR",10.00700
2009-08,"SRINAGAR, JAMMU AND KASHMIR",10.00700
2009-08,"KUPWARA, JAMMU AND KASHMIR",10.39000
2000-12,"KARGIL, JAMMU AND KASHMIR",-31.20700
2000-12,"LADAKH, LADAKH",-25.05400
2000-12,"KINNAUR, HIMACHAL PRADESH",-15.60750
2000-12,"LAHUL AND SPITI, HIMACHAL PRADESH",-12.57650
2000-12,"PULWAMA, JAMMU AND KASHMIR",-10.26300
2000-12,"BARAMULLA, JAMMU AND KASHMIR",-10.14000
2000-12,"KUPWARA, JAMMU AND KASHMIR",-9.61700
2000-12,"BADGAM, JAMMU AND KASHMIR",-6.65900
2000-12,"SRINAGAR, JAMMU AND KASHMIR",-6.65900
2000-12,"KULU, HIMACHAL PRADESH",-6.36500
2008-04,"KARGIL, JAMMU AND KASHMIR",-30.10200
2008-04,"LADAKH, LADAKH",-19.61700
2008-04,"LAHUL AND SPITI, HIMACHAL PRADESH",-4.36100
2008-04,"KINNAUR, HIMACHAL PRADESH",-4.21050
2008-04,"BARAMULLA, JAMMU AND KASHMIR",-0.72200
2008-04,"PULWAMA, JAMMU AND KASHMIR",-0.25700
2008-04,"KUPWARA, JAMMU AND KASHMIR",-0.07800
2008-04,"SRINAGAR, JAMMU AND KASHMIR",1.37800
2008-04,"BADGAM, JAMMU AND KASHMIR",1.37800
2008-04,"KULU, HIMACHAL PRADESH",2.56200
2001-01,"KARGIL, JAMMU AND KASHMIR",-32.37000
2001-01,"LADAKH, LADAKH",-26.00450
2001-01,"KINNAUR, HIMACHAL PRADESH",-15.79750
2001-01,"LAHUL AND SPITI, HIMACHAL PRADESH",-13.54100
2001-01,"PULWAMA, JAMMU AND KASHMIR",-9.30700
2001-01,"BARAMULLA, JAMMU AND KASHMIR",-9.28400
2001-01,"ANANTNAG, JAMMU AND KASHMIR",-8.83800
2001-01,"KULU, HIMACHAL PRADESH",-8.57600
2001-01,"KUPWARA, JAMMU AND KASHMIR",-8.13200
2001-01,"BADGAM, JAMMU AND KASHMIR",-7.51900
2006-02,"LADAKH, LADAKH",-30.62100
2006-02,"KARGIL, JAMMU AND KASHMIR",-28.74500
2006-02,"KINNAUR, HIMACHAL PRADESH",-8.10900
2006-02,"LAHUL AND SPITI, HIMACHAL PRADESH",-7.92100
2006-02,"BARAMULLA, JAMMU AND KASHMIR",-3.64500
2006-02,"PULWAMA, JAMMU AND KASHMIR",-2.73700
2006-02,"KUPWARA, JAMMU AND KASHMIR",-2.45900
2006-02,"SRINAGAR, JAMMU AND KASHMIR",-0.74600
2006-02,"BADGAM, JAMMU AND KASHMIR",-0.74600
2006-02,"PHEK, NAGALAND",-0.40500
2011-11,"KARGIL, JAMMU AND KASHMIR",-26.93700
2011-11,"LADAKH, LADAKH",-21.81400
2011-11,"PULWAMA, JAMMU AND KASHMIR",-3.78700
2011-11,"BARAMULLA, JAMMU AND KASHMIR",-2.87100
2011-11,"KUPWARA, JAMMU AND KASHMIR",-2.65600
2011-11,"PITHORGARH, UTTARAKHAND",-1.41000
2011-11,"LAHUL AND SPITI, HIMACHAL PRADESH",-1.06650
2011-11,"ANANTNAG, JAMMU AND KASHMIR",0.47300
2011-11,"KINNAUR, HIMACHAL PRADESH",0.82800
2011-11,"DIBANG VALLEY, ARUNACHAL PRADESH",0.94450
2012-11,"KARGIL, JAMMU AND KASHMIR",-26.46800
2012-11,"LADAKH, LADAKH",-26.34100
2012-11,"KUPWARA, JAMMU AND KASHMIR",-6.89700
2012-11,"BARAMULLA, JAMMU AND KASHMIR",-6.74600
2012-11,"PULWAMA, JAMMU AND KASHMIR",-6.36500
2012-11,"LAHUL AND SPITI, HIMACHAL PRADESH",-3.60700
2012-11,"KINNAUR, HIMACHAL PRADESH",-2.68500
2012-11,"ANANTNAG, JAMMU AND KASHMIR",-2.43400
2012-11,"PITHORGARH, UTTARAKHAND",-0.17500
2012-11,"BADGAM, JAMMU AND KASHMIR",0.56500
2013-02,"LADAKH, LADAKH",-40.04850
2013-02,"KARGIL, JAMMU AND KASHMIR",-32.13000
2013-02,"BARAMULLA, JAMMU AND KASHMIR",-9.59600
2013-02,"KUPWARA, JAMMU AND KASHMIR",-9.25200
2013-02,"PULWAMA, JAMMU AND KASHMIR",-8.45700
2013-02,"KINNAUR, HIMACHAL PRADESH",-7.35550
2013-02,"LAHUL AND SPITI, HIMACHAL PRADESH",-5.83850
2013-02,"ANANTNAG, JAMMU AND KASHMIR",-3.80300
2013-02,"SRINAGAR, JAMMU AND KASHMIR",-2.24300
2013-02,"BADGAM, JAMMU AND KASHMIR",-2.24300
2000-10,"LADAKH, LADAKH",-11.76100
2000-10,"KARGIL, JAMMU AND KASHMIR",-11.43500
2000-10,"LAHUL AND SPITI, HIMACHAL PRADESH",-2.53850
2000-10,"KINNAUR, HIMACHAL PRADESH",1.73100
2000-10,"BARAMULLA, JAMMU AND KASHMIR",2.87600
2000-10,"PULWAMA, JAMMU AND KASHMIR",3.01400
2000-10,"KUPWARA, JAMMU AND KASHMIR",3.36300
2000-10,"ANANTNAG, JAMMU AND KASHMIR",3.84400
2000-10,"BADGAM, JAMMU AND KASHMIR",4.10600
2000-10,"KULU, HIMACHAL PRADESH",4.73800
2005-06,"KARGIL, JAMMU AND KASHMIR",-12.53600
2005-06,"LADAKH, LADAKH",-9.61500
2005-06,"LAHUL AND SPITI, HIMACHAL PRADESH",2.43400
2005-06,"KINNAUR, HIMACHAL PRADESH",3.27950
2005-06,"BARAMULLA, JAMMU AND KASHMIR",5.00300
2005-06,"PULWAMA, JAMMU AND KASHMIR",6.19900
2005-06,"KUPWARA, JAMMU AND KASHMIR",7.28300
2005-06,"BADGAM, JAMMU AND KASHMIR",7.88600
2005-06,"SRINAGAR, JAMMU AND KASHMIR",7.88600
2005-06,"KULU, HIMACHAL PRADESH",9.83300
2008-12,"KARGIL, JAMMU AND KASHMIR",-32.80000
2008-12,"LADAKH, LADAKH",-31.87900
2008-12,"LAHUL AND SPITI, HIMACHAL PRADESH",-8.14650
2008-12,"KINNAUR, HIMACHAL PRADESH",-7.99100
2008-12,"BARAMULLA, JAMMU AND KASHMIR",-5.47400
2008-12,"PULWAMA, JAMMU AND KASHMIR",-4.56700
2008-12,"KULU, HIMACHAL PRADESH",-4.28800
2008-12,"KUPWARA, JAMMU AND KASHMIR",-3.98300
2008-12,"BADGAM, JAMMU AND KASHMIR",-2.64600
2008-12,"SRINAGAR, JAMMU AND KASHMIR",-2.64600
2000-03,"LADAKH, LADAKH",-33.36500
2000-03,"KARGIL, JAMMU AND KASHMIR",-28.30900
2000-03,"KINNAUR, HIMACHAL PRADESH",-13.36400
2000-03,"LAHUL AND SPITI, HIMACHAL PRADESH",-13.22900
2000-03,"BARAMULLA, JAMMU AND KASHMIR",-7.81600
2000-03,"BADGAM, JAMMU AND KASHMIR",-6.25900
2000-03,"PULWAMA, JAMMU AND KASHMIR",-6.03500
2000-03,"KUPWARA, JAMMU AND KASHMIR",-5.45500
2000-03,"SRINAGAR, JAMMU AND KASHMIR",-5.30200
2000-03,"ANANTNAG, JAMMU AND KASHMIR",-2.93800
2001-08,"LADAKH, LADAKH",-2.59400
2001-08,"KARGIL, JAMMU AND KASHMIR",-1.62200
2001-08,"KINNAUR, HIMACHAL PRADESH",6.39200
2001-08,"LAHUL AND SPITI, HIMACHAL PRADESH",8.14300
2001-08,"KULU, HIMACHAL PRADESH",8.71000
2001-08,"BARAMULLA, JAMMU AND KASHMIR",9.29500
2001-08,"KUPWARA, JAMMU AND KASHMIR",9.43000
2001-08,"PULWAMA, JAMMU AND KASHMIR",9.61300
2001-08,"SRINAGAR, JAMMU AND KASHMIR",10.79100
2001-08,"BADGAM, JAMMU AND KASHMIR",10.79100
2004-06,"LADAKH, LADAKH",-3.96000
2004-06,"KARGIL, JAMMU AND KASHMIR",-2.80600
2004-06,"BARAMULLA, JAMMU AND KASHMIR",5.60700
2004-06,"KINNAUR, HIMACHAL PRADESH",5.67100
2004-06,"LAHUL AND SPITI, HIMACHAL PRADESH",6.83450
2004-06,"PULWAMA, JAMMU AND KASHMIR",7.20700
2004-06,"KUPWARA, JAMMU AND KASHMIR",8.39500
2004-06,"BADGAM, JAMMU AND KASHMIR",8.96500
2004-06,"SRINAGAR, JAMMU AND KASHMIR",8.96500
2004-06,"KULU, HIMACHAL PRADESH",9.31500
2007-01,"LADAKH, LADAKH",-34.59550
2007-01,"KARGIL, JAMMU AND KASHMIR",-33.40000
2007-01,"PULWAMA, JAMMU AND KASHMIR",-15.88300
2007-01,"LAHUL AND SPITI, HIMACHAL PRADESH",-13.37500
2007-01,"KINNAUR, HIMACHAL PRADESH",-12.89050
2007-01,"BARAMULLA, JAMMU AND KASHMIR",-10.25200
2007-01,"KUPWARA, JAMMU AND KASHMIR",-8.97500
2007-01,"ANANTNAG, JAMMU AND KASHMIR",-7.32700
2007-01,"SRINAGAR, JAMMU AND KASHMIR",-7.07400
2007-01,"BADGAM, JAMMU AND KASHMIR",-7.07400
2003-05,"KARGIL, JAMMU AND KASHMIR",-20.46500
2003-05,"LADAKH, LADAKH",-14.26750
2003-05,"LAHUL AND SPITI, HIMACHAL PRADESH",-3.46850
2003-05,"KINNAUR, HIMACHAL PRADESH",-2.90700
2003-05,"BARAMULLA, JAMMU AND KASHMIR",-0.51100
2003-05,"KUPWARA, JAMMU AND KASHMIR",0.40500
2003-05,"PULWAMA, JAMMU AND KASHMIR",1.19000
2003-05,"BADGAM, JAMMU AND KASHMIR",2.80500
2003-05,"SRINAGAR, JAMMU AND KASHMIR",2.80500
2003-05,"ANANTNAG, JAMMU AND KASHMIR",3.87700
2007-02,"KARGIL, JAMMU AND KASHMIR",-33.53000
2007-02,"LADAKH, LADAKH",-30.13750
2007-02,"LAHUL AND SPITI, HIMACHAL PRADESH",-12.63850
2007-02,"KINNAUR, HIMACHAL PRADESH",-11.45750
2007-02,"BARAMULLA, JAMMU AND KASHMIR",-6.20700
2007-02,"KUPWARA, JAMMU AND KASHMIR",-6.15700
2007-02,"PULWAMA, JAMMU AND KASHMIR",-5.17100
2007-02,"KULU, HIMACHAL PRADESH",-3.67400
2007-02,"BADGAM, JAMMU AND KASHMIR",-3.19900
2007-02,"SRINAGAR, JAMMU AND KASHMIR",-3.19900
2002-08,"KARGIL, JAMMU AND KASHMIR",-0.14400
2002-08,"LADAKH, LADAKH",-0.11100
2002-08,"KINNAUR, HIMACHAL PRADESH",6.36700
2002-08,"LAHUL AND SPITI, HIMACHAL PRADESH",6.88750
2002-08,"BARAMULLA, JAMMU AND KASHMIR",7.71100
2002-08,"KULU, HIMACHAL PRADESH",8.46500
2002-08,"PULWAMA, JAMMU AND KASHMIR",8.49000
2002-08,"KUPWARA, JAMMU AND KASHMIR",9.92700
2002-08,"BADGAM, JAMMU AND KASHMIR",10.24000
2002-08,"SRINAGAR, JAMMU AND KASHMIR",10.24000
2006-11,"KARGIL, JAMMU AND KASHMIR",-28.51000
2006-11,"LADAKH, LADAKH",-23.31400
2006-11,"LAHUL AND SPITI, HIMACHAL PRADESH",-12.58150
2006-11,"KINNAUR, HIMACHAL PRADESH",-11.42950
2006-11,"BARAMULLA, JAMMU AND KASHMIR",-4.70100
2006-11,"PULWAMA, JAMMU AND KASHMIR",-4.19900
2006-11,"KULU, HIMACHAL PRADESH",-3.48700
2006-11,"KUPWARA, JAMMU AND KASHMIR",-3.42300
2006-11,"BADGAM, JAMMU AND KASHMIR",-2.83300
2006-11,"SRINAGAR, JAMMU AND KASHMIR",-2.83300
2012-06,"KARGIL, JAMMU AND KASHMIR",-9.69800
2012-06,"LADAKH, LADAKH",-4.38200
2012-06,"PULWAMA, JAMMU AND KASHMIR",4.69400
2012-06,"BARAMULLA, JAMMU AND KASHMIR",5.25100
2012-06,"KUPWARA, JAMMU AND KASHMIR",6.37300
2012-06,"KINNAUR, HIMACHAL PRADESH",8.52800
2012-06,"LAHUL AND SPITI, HIMACHAL PRADESH",8.90400
2012-06,"ANANTNAG, JAMMU AND KASHMIR",9.23100
2012-06,"PHEK, NAGALAND",10.16100
2012-06,"WEST KAMENG, ARUNACHAL PRADESH",11.99600
2013-07,"KARGIL, JAMMU AND KASHMIR",-0.14600
2013-07,"LADAKH, LADAKH",1.34500
2013-07,"PULWAMA, JAMMU AND KASHMIR",6.96200
2013-07,"BARAMULLA, JAMMU AND KASHMIR",7.28800
2013-07,"KUPWARA, JAMMU AND KASHMIR",8.39500
2013-07,"LAHUL AND SPITI, HIMACHAL PRADESH",10.04300
2013-07,"KINNAUR, HIMACHAL PRADESH",10.17850
2013-07,"ANANTNAG, JAMMU AND KASHMIR",11.29600
2013-07,"BADGAM, JAMMU AND KASHMIR",13.86500
2013-07,"SRINAGAR, JAMMU AND KASHMIR",13.86500
2003-03,"KARGIL, JAMMU AND KASHMIR",-31.91300
2003-03,"LADAKH, LADAKH",-26.11100
2003-03,"KINNAUR, HIMACHAL PRADESH",-14.74550
2003-03,"LAHUL AND SPITI, HIMACHAL PRADESH",-13.42000
2003-03,"BARAMULLA, JAMMU AND KASHMIR",-8.72900
2003-03,"KUPWARA, JAMMU AND KASHMIR",-8.07900
2003-03,"PULWAMA, JAMMU AND KASHMIR",-7.01000
2003-03,"ANANTNAG, JAMMU AND KASHMIR",-5.38100
2003-03,"BADGAM, JAMMU AND KASHMIR",-4.93800
2003-03,"SRINAGAR, JAMMU AND KASHMIR",-4.93800
2009-11,"KARGIL, JAMMU AND KASHMIR",-21.80000
2009-11,"LADAKH, LADAKH",-21.37600
2009-11,"LAHUL AND SPITI, HIMACHAL PRADESH",-9.78350
2009-11,"KINNAUR, HIMACHAL PRADESH",-6.13450
2009-11,"BARAMULLA, JAMMU AND KASHMIR",-5.98200
2009-11,"KUPWARA, JAMMU AND KASHMIR",-4.58100
2009-11,"KULU, HIMACHAL PRADESH",-4.06100
2009-11,"PULWAMA, JAMMU AND KASHMIR",-3.60900
2009-11,"ANANTNAG, JAMMU AND KASHMIR",-3.59400
2009-11,"BADGAM, JAMMU AND KASHMIR",-2.21200
2000-04,"KARGIL, JAMMU AND KASHMIR",-23.94500
2000-04,"LADAKH, LADAKH",-18.35950
2000-04,"KINNAUR, HIMACHAL PRADESH",-7.01950
2000-04,"LAHUL AND SPITI, HIMACHAL PRADESH",-6.37650
2000-04,"PULWAMA, JAMMU AND KASHMIR",-2.91600
2000-04,"BARAMULLA, JAMMU AND KASHMIR",-1.79600
2000-04,"KUPWARA, JAMMU AND KASHMIR",-1.15500
2000-04,"KULU, HIMACHAL PRADESH",0.61100
2000-04,"SRINAGAR, JAMMU AND KASHMIR",1.23100
2000-04,"BADGAM, JAMMU AND KASHMIR",1.23100
2000-11,"KARGIL, JAMMU AND KASHMIR",-31.69000
2000-11,"LADAKH, LADAKH",-21.56450
2000-11,"KINNAUR, HIMACHAL PRADESH",-15.38150
2000-11,"LAHUL AND SPITI, HIMACHAL PRADESH",-12.34300
2000-11,"PULWAMA, JAMMU AND KASHMIR",-10.75200
2000-11,"BARAMULLA, JAMMU AND KASHMIR",-9.42600
2000-11,"KUPWARA, JAMMU AND KASHMIR",-7.70400
2000-11,"SRINAGAR, JAMMU AND KASHMIR",-7.48400
2000-11,"BADGAM, JAMMU AND KASHMIR",-7.48400
2000-11,"KULU, HIMACHAL PRADESH",-6.82800
2006-01,"LADAKH, LADAKH",-35.08950
2006-01,"KARGIL, JAMMU AND KASHMIR",-32.02400
2006-01,"LAHUL AND SPITI, HIMACHAL PRADESH",-12.29950
2006-01,"KINNAUR, HIMACHAL PRADESH",-10.96300
2006-01,"BARAMULLA, JAMMU AND KASHMIR",-8.93200
2006-01,"KUPWARA, JAMMU AND KASHMIR",-7.54800
2006-01,"PULWAMA, JAMMU AND KASHMIR",-7.40100
2006-01,"SRINAGAR, JAMMU AND KASHMIR",-6.02400
2006-01,"BADGAM, JAMMU AND KASHMIR",-6.02400
2006-01,"KULU, HIMACHAL PRADESH",-4.73200
2012-09,"KARGIL, JAMMU AND KASHMIR",-5.27000
2012-09,"LADAKH, LADAKH",-3.70100
2012-09,"PULWAMA, JAMMU AND KASHMIR",2.97700
2012-09,"BARAMULLA, JAMMU AND KASHMIR",3.81200
2012-09,"KUPWARA, JAMMU AND KASHMIR",5.07100
2012-09,"KINNAUR, HIMACHAL PRADESH",6.50100
2012-09,"LAHUL AND SPITI, HIMACHAL PRADESH",7.13350
2012-09,"ANANTNAG, JAMMU AND KASHMIR",7.21700
2012-09,"BADGAM, JAMMU AND KASHMIR",9.89400
2012-09,"SRINAGAR, JAMMU AND KASHMIR",9.89400
2011-08,"KARGIL, JAMMU AND KASHMIR",-0.06200
2011-08,"LADAKH, LADAKH",1.72350
2011-08,"PULWAMA, JAMMU AND KASHMIR",7.00600
2011-08,"BARAMULLA, JAMMU AND KASHMIR",7.33600
2011-08,"KUPWARA, JAMMU AND KASHMIR",8.85300
2011-08,"LAHUL AND SPITI, HIMACHAL PRADESH",9.07450
2011-08,"KINNAUR, HIMACHAL PRADESH",9.93650
2011-08,"ANANTNAG, JAMMU AND KASHMIR",10.89700
2011-08,"PHEK, NAGALAND",11.85900
2011-08,"SRINAGAR, JAMMU AND KASHMIR",12.44800
2002-02,"KARGIL, JAMMU AND KASHMIR",-35.22500
2002-02,"LADAKH, LADAKH",-29.83100
2002-02,"KINNAUR, HIMACHAL PRADESH",-13.47000
2002-02,"LAHUL AND SPITI, HIMACHAL PRADESH",-12.99400
2002-02,"BARAMULLA, JAMMU AND KASHMIR",-10.59000
2002-02,"PULWAMA, JAMMU AND KASHMIR",-9.43700
2002-02,"KUPWARA, JAMMU AND KASHMIR",-9.22800
2002-02,"BADGAM, JAMMU AND KASHMIR",-7.35700
2002-02,"SRINAGAR, JAMMU AND KASHMIR",-7.35700
2002-02,"ANANTNAG, JAMMU AND KASHMIR",-6.03100
2007-10,"KARGIL, JAMMU AND KASHMIR",-18.14200
2007-10,"LADAKH, LADAKH",-17.19650
2007-10,"LAHUL AND SPITI, HIMACHAL PRADESH",-1.51800
2007-10,"KINNAUR, HIMACHAL PRADESH",-1.36400
2007-10,"BARAMULLA, JAMMU AND KASHMIR",1.79400
2007-10,"PHEK, NAGALAND",2.01700
2007-10,"ANANTNAG, JAMMU AND KASHMIR",2.96000
2007-10,"PULWAMA, JAMMU AND KASHMIR",2.98500
2007-10,"KULU, HIMACHAL PRADESH",3.30200
2007-10,"KUPWARA, JAMMU AND KASHMIR",3.62900
2002-10,"LADAKH, LADAKH",-14.36350
2002-10,"KARGIL, JAMMU AND KASHMIR",-11.41300
2002-10,"LAHUL AND SPITI, HIMACHAL PRADESH",-5.00650
2002-10,"KINNAUR, HIMACHAL PRADESH",-1.21700
2002-10,"PULWAMA, JAMMU AND KASHMIR",1.04000
2002-10,"BARAMULLA, JAMMU AND KASHMIR",1.19800
2002-10,"KUPWARA, JAMMU AND KASHMIR",2.86800
2002-10,"TAWANG, ARUNACHAL PRADESH",2.92200
2002-10,"ANANTNAG, JAMMU AND KASHMIR",3.10300
2002-10,"MON, NAGALAND",3.70400
2005-04,"LADAKH, LADAKH",-28.75900
2005-04,"KARGIL, JAMMU AND KASHMIR",-22.90900
2005-04,"LAHUL AND SPITI, HIMACHAL PRADESH",-7.48300
2005-04,"KINNAUR, HIMACHAL PRADESH",-6.59150
2005-04,"PULWAMA, JAMMU AND KASHMIR",-4.96600
2005-04,"BARAMULLA, JAMMU AND KASHMIR",-4.64100
2005-04,"KUPWARA, JAMMU AND KASHMIR",-2.55900
2005-04,"SRINAGAR, JAMMU AND KASHMIR",-1.26500
2005-04,"BADGAM, JAMMU AND KASHMIR",-1.26500
2005-04,"ANANTNAG, JAMMU AND KASHMIR",-0.09700
2006-12,"KARGIL, JAMMU AND KASHMIR",-30.76600
2006-12,"LADAKH, LADAKH",-30.18650
2006-12,"PULWAMA, JAMMU AND KASHMIR",-16.52300
2006-12,"KINNAUR, HIMACHAL PRADESH",-11.40250
2006-12,"LAHUL AND SPITI, HIMACHAL PRADESH",-11.10450
2006-12,"BARAMULLA, JAMMU AND KASHMIR",-6.48400
2006-12,"BADGAM, JAMMU AND KASHMIR",-6.45800
2006-12,"ANANTNAG, JAMMU AND KASHMIR",-5.77300
2006-12,"KUPWARA, JAMMU AND KASHMIR",-5.37100
2006-12,"KULU, HIMACHAL PRADESH",-5.00600
2011-04,"KARGIL, JAMMU AND KASHMIR",-27.83900
2011-04,"LADAKH, LADAKH",-24.55050
2011-04,"KUPWARA, JAMMU AND KASHMIR",-5.64600
2011-04,"PULWAMA, JAMMU AND KASHMIR",-5.54100
2011-04,"BARAMULLA, JAMMU AND KASHMIR",-5.53000
2011-04,"LAHUL AND SPITI, HIMACHAL PRADESH",-2.69350
2011-04,"KINNAUR, HIMACHAL PRADESH",-2.55450
2011-04,"ANANTNAG, JAMMU AND KASHMIR",-0.99300
2011-04,"BADGAM, JAMMU AND KASHMIR",1.97200
2011-04,"SRINAGAR, JAMMU AND KASHMIR",1.97200
2004-01,"KARGIL, JAMMU AND KASHMIR",-35.26400
2004-01,"LADAKH, LADAKH",-30.72050
2004-01,"KINNAUR, HIMACHAL PRADESH",-15.93450
2004-01,"LAHUL AND SPITI, HIMACHAL PRADESH",-15.85550
2004-01,"BARAMULLA, JAMMU AND KASHMIR",-11.34200
2004-01,"KUPWARA, JAMMU AND KASHMIR",-9.66400
2004-01,"PULWAMA, JAMMU AND KASHMIR",-9.49800
2004-01,"SRINAGAR, JAMMU AND KASHMIR",-7.34800
2004-01,"BADGAM, JAMMU AND KASHMIR",-7.34800
2004-01,"KULU, HIMACHAL PRADESH",-7.06100
2011-09,"KARGIL, JAMMU AND KASHMIR",-3.73500
2011-09,"LADAKH, LADAKH",-2.79300
2011-09,"PULWAMA, JAMMU AND KASHMIR",3.76500
2011-09,"BARAMULLA, JAMMU AND KASHMIR",4.02500
2011-09,"KINNAUR, HIMACHAL PRADESH",5.21700
2011-09,"KUPWARA, JAMMU AND KASHMIR",5.66200
2011-09,"LAHUL AND SPITI, HIMACHAL PRADESH",6.60000
2011-09,"ANANTNAG, JAMMU AND KASHMIR",7.66200
2011-09,"KULU, HIMACHAL PRADESH",9.42400
2011-09,"PITHORGARH, UTTARAKHAND",10.00800
2003-08,"KARGIL, JAMMU AND KASHMIR",-1.01800
2003-08,"LADAKH, LADAKH",-0.18300
2003-08,"LAHUL AND SPITI, HIMACHAL PRADESH",6.86950
2003-08,"KINNAUR, HIMACHAL PRADESH",7.44450
2003-08,"BARAMULLA, JAMMU AND KASHMIR",7.97500
2003-08,"PULWAMA, JAMMU AND KASHMIR",8.31100
2003-08,"BADGAM, JAMMU AND KASHMIR",9.63100
2003-08,"SRINAGAR, JAMMU AND KASHMIR",9.63100
2003-08,"KUPWARA, JAMMU AND KASHMIR",9.74200
2003-08,"KULU, HIMACHAL PRADESH",9.75400
2013-08,"KARGIL, JAMMU AND KASHMIR",0.53600
2013-08,"LADAKH, LADAKH",2.16950
2013-08,"PULWAMA, JAMMU AND KASHMIR",7.48000
2013-08,"BARAMULLA, JAMMU AND KASHMIR",8.13700
2013-08,"KINNAUR, HIMACHAL PRADESH",8.90650
2013-08,"KUPWARA, JAMMU AND KASHMIR",8.98700
2013-08,"LAHUL AND SPITI, HIMACHAL PRADESH",9.09350
2013-08,"ANANTNAG, JAMMU AND KASHMIR",11.94400
2013-08,"KULU, HIMACHAL PRADESH",12.99900
2013-08,"BADGAM, JAMMU AND KASHMIR",13.16200
2002-01,"KARGIL, JAMMU AND KASHMIR",-36.58300
2002-01,"LADAKH, LADAKH",-32.79200
2002-01,"KINNAUR, HIMACHAL PRADESH",-15.15250
2002-01,"LAHUL AND SPITI, HIMACHAL PRADESH",-15.12600
2002-01,"PULWAMA, JAMMU AND KASHMIR",-14.88600
2002-01,"BARAMULLA, JAMMU AND KASHMIR",-11.25200
2002-01,"KUPWARA, JAMMU AND KASHMIR",-9.39900
2002-01,"ANANTNAG, JAMMU AND KASHMIR",-7.82500
2002-01,"TAWANG, ARUNACHAL PRADESH",-7.67300
2002-01,"KULU, HIMACHAL PRADESH",-7.52600
2011-07,"KARGIL, JAMMU AND KASHMIR",-1.96300
2011-07,"LADAKH, LADAKH",0.51400
2011-07,"PULWAMA, JAMMU AND KASHMIR",6.60000
2011-07,"BARAMULLA, JAMMU AND KASHMIR",7.35900
2011-07,"LAHUL AND SPITI, HIMACHAL PRADESH",8.52100
2011-07,"KINNAUR, HIMACHAL PRADESH",8.53100
2011-07,"KUPWARA, JAMMU AND KASHMIR",9.05700
2011-07,"ANANTNAG, JAMMU AND KASHMIR",11.57600
2011-07,"BADGAM, JAMMU AND KASHMIR",13.42900
2011-07,"SRINAGAR, JAMMU AND KASHMIR",13.42900
2011-10,"KARGIL, JAMMU AND KASHMIR",-22.32600
2011-10,"LADAKH, LADAKH",-12.64900
2011-10,"PULWAMA, JAMMU AND KASHMIR",-2.41200
2011-10,"BARAMULLA, JAMMU AND KASHMIR",-1.87500
2011-10,"KUPWARA, JAMMU AND KASHMIR",-0.98600
2011-10,"LAHUL AND SPITI, HIMACHAL PRADESH",1.35450
2011-10,"KINNAUR, HIMACHAL PRADESH",1.76050
2011-10,"ANANTNAG, JAMMU AND KASHMIR",2.37100
2011-10,"PITHORGARH, UTTARAKHAND",3.17100
2011-10,"PHEK, NAGALAND",5.10700
2004-12,"KARGIL, JAMMU AND KASHMIR",-36.14200
2004-12,"LADAKH, LADAKH",-30.00900
2004-12,"LAHUL AND SPITI, HIMACHAL PRADESH",-11.83350
2004-12,"KINNAUR, HIMACHAL PRADESH",-10.72650
2004-12,"BARAMULLA, JAMMU AND KASHMIR",-8.88900
2004-12,"PULWAMA, JAMMU AND KASHMIR",-7.65600
2004-12,"KUPWARA, JAMMU AND KASHMIR",-7.33600
2004-12,"KULU, HIMACHAL PRADESH",-6.89100
2004-12,"BADGAM, JAMMU AND KASHMIR",-5.97900
2004-12,"SRINAGAR, JAMMU AND KASHMIR",-5.97900
2008-11,"KARGIL, JAMMU AND KASHMIR",-22.40500
2008-11,"LADAKH, LADAKH",-21.17250
2008-11,"KINNAUR, HIMACHAL PRADESH",-7.20000
2008-11,"BARAMULLA, JAMMU AND KASHMIR",-5.09300
2008-11,"LAHUL AND SPITI, HIMACHAL PRADESH",-4.54550
2008-11,"PULWAMA, JAMMU AND KASHMIR",-3.47800
2008-11,"KUPWARA, JAMMU AND KASHMIR",-3.27700
2008-11,"KULU, HIMACHAL PRADESH",-2.50100
2008-11,"BADGAM, JAMMU AND KASHMIR",-2.16500
2008-11,"SRINAGAR, JAMMU AND KASHMIR",-2.16500
2004-03,"LADAKH, LADAKH",-29.76800
2004-03,"KARGIL, JAMMU AND KASHMIR",-28.80100
2004-03,"KINNAUR, HIMACHAL PRADESH",-5.81500
2004-03,"LAHUL AND SPITI, HIMACHAL PRADESH",-5.44750
2004-03,"BARAMULLA, JAMMU AND KASHMIR",-3.45600
2004-03,"PULWAMA, JAMMU AND KASHMIR",-3.16700
2004-03,"KUPWARA, JAMMU AND KASHMIR",-2.17300
2004-03,"SRINAGAR, JAMMU AND KASHMIR",-1.04200
2004-03,"BADGAM, JAMMU AND KASHMIR",-1.04200
2004-03,"SENAPATI, MANIPUR",-0.85800
2004-08,"KARGIL, JAMMU AND KASHMIR",-3.29000
2004-08,"LADAKH, LADAKH",-2.46950
2004-08,"LAHUL AND SPITI, HIMACHAL PRADESH",6.87000
2004-08,"KINNAUR, HIMACHAL PRADESH",7.02800
2004-08,"BARAMULLA, JAMMU AND KASHMIR",8.55900
2004-08,"KULU, HIMACHAL PRADESH",8.65300
2004-08,"PULWAMA, JAMMU AND KASHMIR",9.15200
2004-08,"KUPWARA, JAMMU AND KASHMIR",9.43700
2004-08,"BADGAM, JAMMU AND KASHMIR",10.61000
2004-08,"SRINAGAR, JAMMU AND KASHMIR",10.61000
2001-02,"KARGIL, JAMMU AND KASHMIR",-26.84400
2001-02,"LADAKH, LADAKH",-26.36450
2001-02,"LAHUL AND SPITI, HIMACHAL PRADESH",-14.74800
2001-02,"KINNAUR, HIMACHAL PRADESH",-14.62550
2001-02,"PULWAMA, JAMMU AND KASHMIR",-11.53700
2001-02,"SENAPATI, MANIPUR",-8.94400
2001-02,"ANANTNAG, JAMMU AND KASHMIR",-8.59600
2001-02,"BARAMULLA, JAMMU AND KASHMIR",-8.17400
2001-02,"KUPWARA, JAMMU AND KASHMIR",-7.08900
2001-02,"BADGAM, JAMMU AND KASHMIR",-6.15200
2009-12,"LADAKH, LADAKH",-23.53050
2009-12,"KARGIL, JAMMU AND KASHMIR",-23.13200
2009-12,"KINNAUR, HIMACHAL PRADESH",-8.75750
2009-12,"LAHUL AND SPITI, HIMACHAL PRADESH",-8.51400
2009-12,"BARAMULLA, JAMMU AND KASHMIR",-5.96800
2009-12,"PULWAMA, JAMMU AND KASHMIR",-5.05400
2009-12,"KUPWARA, JAMMU AND KASHMIR",-4.59400
2009-12,"BADGAM, JAMMU AND KASHMIR",-4.41100
2009-12,"SRINAGAR, JAMMU AND KASHMIR",-4.29800
2009-12,"KULU, HIMACHAL PRADESH",-4.26000
2003-09,"KARGIL, JAMMU AND KASHMIR",-8.98900
2003-09,"LADAKH, LADAKH",-7.20900
2003-09,"BARAMULLA, JAMMU AND KASHMIR",0.86400
2003-09,"LAHUL AND SPITI, HIMACHAL PRADESH",1.44100
2003-09,"PULWAMA, JAMMU AND KASHMIR",2.52400
2003-09,"KINNAUR, HIMACHAL PRADESH",3.05150
2003-09,"SRINAGAR, JAMMU AND KASHMIR",3.74100
2003-09,"BADGAM, JAMMU AND KASHMIR",3.74100
2003-09,"KUPWARA, JAMMU AND KASHMIR",4.03600
2003-09,"ANANTNAG, JAMMU AND KASHMIR",4.72900
2000-06,"KARGIL, JAMMU AND KASHMIR",-15.09600
2000-06,"LADAKH, LADAKH",-4.72000
2000-06,"LAHUL AND SPITI, HIMACHAL PRADESH",4.77600
2000-06,"KINNAUR, HIMACHAL PRADESH",4.93600
2000-06,"BARAMULLA, JAMMU AND KASHMIR",5.54700
2000-06,"PULWAMA, JAMMU AND KASHMIR",6.70900
2000-06,"KUPWARA, JAMMU AND KASHMIR",7.09800
2000-06,"SRINAGAR, JAMMU AND KASHMIR",8.47300
2000-06,"BADGAM, JAMMU AND KASHMIR",8.47300
2000-06,"UPPER SIANG, ARUNACHAL PRADESH",8.50500
2007-06,"KARGIL, JAMMU AND KASHMIR",-7.92900
2007-06,"LADAKH, LADAKH",-4.24500
2007-06,"KINNAUR, HIMACHAL PRADESH",5.15850
2007-06,"LAHUL AND SPITI, HIMACHAL PRADESH",6.58250
2007-06,"BARAMULLA, JAMMU AND KASHMIR",6.84900
2007-06,"PULWAMA, JAMMU AND KASHMIR",7.74000
2007-06,"KUPWARA, JAMMU AND KASHMIR",8.62500
2007-06,"SRINAGAR, JAMMU AND KASHMIR",9.41400
2007-06,"BADGAM, JAMMU AND KASHMIR",9.41400
2007-06,"KULU, HIMACHAL PRADESH",10.63300
2008-07,"KARGIL, JAMMU AND KASHMIR",-1.69600
2008-07,"LADAKH, LADAKH",0.25750
2008-07,"KINNAUR, HIMACHAL PRADESH",7.78300
2008-07,"LAHUL AND SPITI, HIMACHAL PRADESH",8.92100
2008-07,"PULWAMA, JAMMU AND KASHMIR",10.19100
2008-07,"BARAMULLA, JAMMU AND KASHMIR",10.27800
2008-07,"KULU, HIMACHAL PRADESH",10.83200
2008-07,"KUPWARA, JAMMU AND KASHMIR",11.41500
2008-07,"BADGAM, JAMMU AND KASHMIR",11.52700
2008-07,"SRINAGAR, JAMMU AND KASHMIR",11.52700
2010-05,"KARGIL, JAMMU AND KASHMIR",-8.02800
2010-05,"LADAKH, LADAKH",-7.56800
2010-05,"BARAMULLA, JAMMU AND KASHMIR",1.46000
2010-05,"LAHUL AND SPITI, HIMACHAL PRADESH",1.63700
2010-05,"KINNAUR, HIMACHAL PRADESH",1.82050
2010-05,"KUPWARA, JAMMU AND KASHMIR",2.91100
2010-05,"PULWAMA, JAMMU AND KASHMIR",4.12000
2010-05,"BADGAM, JAMMU AND KASHMIR",5.70400
2010-05,"SRINAGAR, JAMMU AND KASHMIR",5.70400
2010-05,"ANANTNAG, JAMMU AND KASHMIR",6.45300
2003-11,"KARGIL, JAMMU AND KASHMIR",-29.69100
2003-11,"LADAKH, LADAKH",-19.53350
2003-11,"KINNAUR, HIMACHAL PRADESH",-9.62100
2003-11,"LAHUL AND SPITI, HIMACHAL PRADESH",-8.05500
2003-11,"BARAMULLA, JAMMU AND KASHMIR",-5.75600
2003-11,"PULWAMA, JAMMU AND KASHMIR",-5.49100
2003-11,"KUPWARA, JAMMU AND KASHMIR",-4.05100
2003-11,"KULU, HIMACHAL PRADESH",-3.16100
2003-11,"BADGAM, JAMMU AND KASHMIR",-2.61600
2003-11,"SRINAGAR, JAMMU AND KASHMIR",-2.61600
2009-09,"LADAKH, LADAKH",-5.45450
2009-09,"KARGIL, JAMMU AND KASHMIR",-4.90800
2009-09,"LAHUL AND SPITI, HIMACHAL PRADESH",4.49050
2009-09,"KINNAUR, HIMACHAL PRADESH",5.24200
2009-09,"BARAMULLA, JAMMU AND KASHMIR",5.64800
2009-09,"PULWAMA, JAMMU AND KASHMIR",6.25200
2009-09,"SRINAGAR, JAMMU AND KASHMIR",7.55500
2009-09,"BADGAM, JAMMU AND KASHMIR",7.55500
2009-09,"KUPWARA, JAMMU AND KASHMIR",7.63300
2009-09,"ANANTNAG, JAMMU AND KASHMIR",8.40300
2011-02,"LADAKH, LADAKH",-35.23050
2011-02,"KARGIL, JAMMU AND KASHMIR",-34.03300
2011-02,"BARAMULLA, JAMMU AND KASHMIR",-8.86700
2011-02,"PULWAMA, JAMMU AND KASHMIR",-8.70500
2011-02,"KUPWARA, JAMMU AND KASHMIR",-8.69400
2011-02,"KINNAUR, HIMACHAL PRADESH",-7.59750
2011-02,"LAHUL AND SPITI, HIMACHAL PRADESH",-6.72850
2011-02,"ANANTNAG, JAMMU AND KASHMIR",-5.62000
2011-02,"PHEK, NAGALAND",-2.15500
2011-02,"BADGAM, JAMMU AND KASHMIR",-2.09800
2011-06,"KARGIL, JAMMU AND KASHMIR",-13.87000
2011-06,"LADAKH, LADAKH",-9.26650
2011-06,"PULWAMA, JAMMU AND KASHMIR",3.32100
2011-06,"BARAMULLA, JAMMU AND KASHMIR",3.59100
2011-06,"KUPWARA, JAMMU AND KASHMIR",4.44200
2011-06,"KINNAUR, HIMACHAL PRADESH",6.07850
2011-06,"ANANTNAG, JAMMU AND KASHMIR",7.70200
2011-06,"LAHUL AND SPITI, HIMACHAL PRADESH",8.13250
2011-06,"PHEK, NAGALAND",10.75800
2011-06,"SRINAGAR, JAMMU AND KASHMIR",11.13200
2009-05,"KARGIL, JAMMU AND KASHMIR",-12.38600
2009-05,"LADAKH, LADAKH",-8.47550
2009-05,"KINNAUR, HIMACHAL PRADESH",0.19000
2009-05,"LAHUL AND SPITI, HIMACHAL PRADESH",0.30150
2009-05,"BARAMULLA, JAMMU AND KASHMIR",1.16300
2009-05,"KUPWARA, JAMMU AND KASHMIR",1.85100
2009-05,"PULWAMA, JAMMU AND KASHMIR",2.37600
2009-05,"SRINAGAR, JAMMU AND KASHMIR",3.71200
2009-05,"BADGAM, JAMMU AND KASHMIR",3.71200
2009-05,"ANANTNAG, JAMMU AND KASHMIR",4.86200
2013-03,"LADAKH, LADAKH",-36.10250
2013-03,"KARGIL, JAMMU AND KASHMIR",-28.65200
2013-03,"PULWAMA, JAMMU AND KASHMIR",-6.28500
2013-03,"BARAMULLA, JAMMU AND KASHMIR",-6.27900
2013-03,"KUPWARA, JAMMU AND KASHMIR",-6.25800
2013-03,"KINNAUR, HIMACHAL PRADESH",-3.99450
2013-03,"ANANTNAG, JAMMU AND KASHMIR",-2.96600
2013-03,"LAHUL AND SPITI, HIMACHAL PRADESH",-2.67800
2013-03,"SRINAGAR, JAMMU AND KASHMIR",0.37500
2013-03,"BADGAM, JAMMU AND KASHMIR",0.37500
2007-03,"LADAKH, LADAKH",-33.57100
2007-03,"KARGIL, JAMMU AND KASHMIR",-33.19700
2007-03,"KINNAUR, HIMACHAL PRADESH",-13.16150
2007-03,"LAHUL AND SPITI, HIMACHAL PRADESH",-12.94500
2007-03,"BARAMULLA, JAMMU AND KASHMIR",-8.30200
2007-03,"PULWAMA, JAMMU AND KASHMIR",-6.14700
2007-03,"KUPWARA, JAMMU AND KASHMIR",-5.96300
2007-03,"SRINAGAR, JAMMU AND KASHMIR",-4.53500
2007-03,"BADGAM, JAMMU AND KASHMIR",-4.53500
2007-03,"KULU, HIMACHAL PRADESH",-4.47100
2013-10,"KARGIL, JAMMU AND KASHMIR",-12.88800
2013-10,"LADAKH, LADAKH",-12.48000
2013-10,"KUPWARA, JAMMU AND KASHMIR",-1.91100
2013-10,"BARAMULLA, JAMMU AND KASHMIR",-1.41500
2013-10,"PULWAMA, JAMMU AND KASHMIR",-0.76900
2013-10,"LAHUL AND SPITI, HIMACHAL PRADESH",1.08350
2013-10,"KINNAUR, HIMACHAL PRADESH",2.39050
2013-10,"ANANTNAG, JAMMU AND KASHMIR",2.98400
2013-10,"PITHORGARH, UTTARAKHAND",4.53300
2013-10,"PHEK, NAGALAND",5.31200
2001-07,"KARGIL, JAMMU AND KASHMIR",-1.25100
2001-07,"LADAKH, LADAKH",-1.04300
2001-07,"KINNAUR, HIMACHAL PRADESH",6.87550
2001-07,"LAHUL AND SPITI, HIMACHAL PRADESH",6.91900
2001-07,"BARAMULLA, JAMMU AND KASHMIR",7.41600
2001-07,"PULWAMA, JAMMU AND KASHMIR",7.43900
2001-07,"SRINAGAR, JAMMU AND KASHMIR",8.98300
2001-07,"BADGAM, JAMMU AND KASHMIR",8.98300
2001-07,"KUPWARA, JAMMU AND KASHMIR",9.91700
2001-07,"KULU, HIMACHAL PRADESH",10.25700
2003-04,"KARGIL, JAMMU AND KASHMIR",-25.37200
2003-04,"LADAKH, LADAKH",-15.90400
2003-04,"KINNAUR, HIMACHAL PRADESH",-5.33400
2003-04,"LAHUL AND SPITI, HIMACHAL PRADESH",-4.69400
2003-04,"BARAMULLA, JAMMU AND KASHMIR",-2.05200
2003-04,"KUPWARA, JAMMU AND KASHMIR",-1.50500
2003-04,"PULWAMA, JAMMU AND KASHMIR",0.42300
2003-04,"BADGAM, JAMMU AND KASHMIR",1.74700
2003-04,"SRINAGAR, JAMMU AND KASHMIR",1.74700
2003-04,"ANANTNAG, JAMMU AND KASHMIR",3.06000
2010-12,"LADAKH, LADAKH",-22.28150
2010-12,"KARGIL, JAMMU AND KASHMIR",-21.76400
2010-12,"LAHUL AND SPITI, HIMACHAL PRADESH",-10.00650
2010-12,"KINNAUR, HIMACHAL PRADESH",-9.74700
2010-12,"BARAMULLA, JAMMU AND KASHMIR",-6.30200
2010-12,"KUPWARA, JAMMU AND KASHMIR",-5.32100
2010-12,"PULWAMA, JAMMU AND KASHMIR",-5.15100
2010-12,"BADGAM, JAMMU AND KASHMIR",-4.86700
2010-12,"SRINAGAR, JAMMU AND KASHMIR",-4.86700
2010-12,"KULU, HIMACHAL PRADESH",-4.22100
2012-10,"KARGIL, JAMMU AND KASHMIR",-19.46300
2012-10,"LADAKH, LADAKH",-16.84200
2012-10,"BARAMULLA, JAMMU AND KASHMIR",-1.83700
2012-10,"PULWAMA, JAMMU AND KASHMIR",-1.60100
2012-10,"KINNAUR, HIMACHAL PRADESH",-1.50600
2012-10,"KUPWARA, JAMMU AND KASHMIR",-1.34700
2012-10,"LAHUL AND SPITI, HIMACHAL PRADESH",1.62100
2012-10,"ANANTNAG, JAMMU AND KASHMIR",1.92200
2012-10,"BADGAM, JAMMU AND KASHMIR",4.24100
2012-10,"SRINAGAR, JAMMU AND KASHMIR",4.24100
2003-06,"LADAKH, LADAKH",-3.02600
2003-06,"KARGIL, JAMMU AND KASHMIR",-2.63000
2003-06,"KINNAUR, HIMACHAL PRADESH",6.93100
2003-06,"LAHUL AND SPITI, HIMACHAL PRADESH",7.35900
2003-06,"BARAMULLA, JAMMU AND KASHMIR",9.29200
2003-06,"KULU, HIMACHAL PRADESH",9.43800
2003-06,"TAWANG, ARUNACHAL PRADESH",10.70800
2003-06,"KUPWARA, JAMMU AND KASHMIR",10.82000
2003-06,"PULWAMA, JAMMU AND KASHMIR",10.87200
2003-06,"ANANTNAG, JAMMU AND KASHMIR",12.16600
2003-10,"KARGIL, JAMMU AND KASHMIR",-17.66900
2003-10,"LADAKH, LADAKH",-12.06250
2003-10,"LAHUL AND SPITI, HIMACHAL PRADESH",-3.11000
2003-10,"BARAMULLA, JAMMU AND KASHMIR",0.17500
2003-10,"KINNAUR, HIMACHAL PRADESH",0.32900
2003-10,"PULWAMA, JAMMU AND KASHMIR",0.47400
2003-10,"KUPWARA, JAMMU AND KASHMIR",1.96600
2003-10,"ANANTNAG, JAMMU AND KASHMIR",3.33800
2003-10,"SRINAGAR, JAMMU AND KASHMIR",3.41700
2003-10,"BADGAM, JAMMU AND KASHMIR",3.41700
2005-08,"KARGIL, JAMMU AND KASHMIR",-3.65800
2005-08,"LADAKH, LADAKH",-2.00650
2005-08,"LAHUL AND SPITI, HIMACHAL PRADESH",5.90000
2005-08,"KINNAUR, HIMACHAL PRADESH",6.23650
2005-08,"BARAMULLA, JAMMU AND KASHMIR",6.43200
2005-08,"PULWAMA, JAMMU AND KASHMIR",7.55500
2005-08,"KULU, HIMACHAL PRADESH",7.78300
2005-08,"KUPWARA, JAMMU AND KASHMIR",8.64100
2005-08,"BADGAM, JAMMU AND KASHMIR",8.99200
2005-08,"SRINAGAR, JAMMU AND KASHMIR",8.99200
2007-11,"LADAKH, LADAKH",-22.08800
2007-11,"KARGIL, JAMMU AND KASHMIR",-21.88700
2007-11,"BARAMULLA, JAMMU AND KASHMIR",-6.34400
2007-11,"LAHUL AND SPITI, HIMACHAL PRADESH",-5.95100
2007-11,"KINNAUR, HIMACHAL PRADESH",-5.34900
2007-11,"PULWAMA, JAMMU AND KASHMIR",-4.05100
2007-11,"KUPWARA, JAMMU AND KASHMIR",-3.93400
2007-11,"BADGAM, JAMMU AND KASHMIR",-2.47100
2007-11,"SRINAGAR, JAMMU AND KASHMIR",-2.47100
2007-11,"KULU, HIMACHAL PRADESH",-0.34600
2011-12,"KARGIL, JAMMU AND KASHMIR",-31.66100
2011-12,"LADAKH, LADAKH",-25.54750
2011-12,"PULWAMA, JAMMU AND KASHMIR",-11.09400
2011-12,"KUPWARA, JAMMU AND KASHMIR",-10.60600
2011-12,"BARAMULLA, JAMMU AND KASHMIR",-9.12400
2011-12,"LAHUL AND SPITI, HIMACHAL PRADESH",-6.39300
2011-12,"ANANTNAG, JAMMU AND KASHMIR",-5.25000
2011-12,"KINNAUR, HIMACHAL PRADESH",-5.23100
2011-12,"PITHORGARH, UTTARAKHAND",-5.17400
2011-12,"PHEK, NAGALAND",-2.73900
2005-03,"LADAKH, LADAKH",-29.01400
2005-03,"KARGIL, JAMMU AND KASHMIR",-26.71400
2005-03,"KINNAUR, HIMACHAL PRADESH",-7.25300
2005-03,"LAHUL AND SPITI, HIMACHAL PRADESH",-6.98900
2005-03,"BARAMULLA, JAMMU AND KASHMIR",-3.14900
2005-03,"PULWAMA, JAMMU AND KASHMIR",-2.48900
2005-03,"KUPWARA, JAMMU AND KASHMIR",-1.81500
2005-03,"BADGAM, JAMMU AND KASHMIR",-0.80400
2005-03,"SRINAGAR, JAMMU AND KASHMIR",-0.80400
2005-03,"KULU, HIMACHAL PRADESH",0.15100
2009-04,"KARGIL, JAMMU AND KASHMIR",-15.53600
2009-04,"LADAKH, LADAKH",-15.26450
2009-04,"KINNAUR, HIMACHAL PRADESH",-4.23350
2009-04,"BARAMULLA, JAMMU AND KASHMIR",-1.93900
2009-04,"LAHUL AND SPITI, HIMACHAL PRADESH",-1.84700
2009-04,"PULWAMA, JAMMU AND KASHMIR",-0.25100
2009-04,"KUPWARA, JAMMU AND KASHMIR",-0.04500
2009-04,"KULU, HIMACHAL PRADESH",0.17900
2009-04,"SRINAGAR, JAMMU AND KASHMIR",0.94800
2009-04,"BADGAM, JAMMU AND KASHMIR",0.94800
2009-03,"LADAKH, LADAKH",-25.75500
2009-03,"KARGIL, JAMMU AND KASHMIR",-21.36200
2009-03,"KINNAUR, HIMACHAL PRADESH",-6.86350
2009-03,"LAHUL AND SPITI, HIMACHAL PRADESH",-5.63450
2009-03,"BARAMULLA, JAMMU AND KASHMIR",-4.81500
2009-03,"KUPWARA, JAMMU AND KASHMIR",-3.49400
2009-03,"PULWAMA, JAMMU AND KASHMIR",-2.06800
2009-03,"SRINAGAR, JAMMU AND KASHMIR",-1.15300
2009-03,"BADGAM, JAMMU AND KASHMIR",-1.15300
2009-03,"TAWANG, ARUNACHAL PRADESH",-0.35000
2013-01,"KARGIL, JAMMU AND KASHMIR",-37.12500
2013-01,"LADAKH, LADAKH",-36.27450
2013-01,"BARAMULLA, JAMMU AND KASHMIR",-10.87900
2013-01,"PULWAMA, JAMMU AND KASHMIR",-10.82200
2013-01,"KUPWARA, JAMMU AND KASHMIR",-10.79300
2013-01,"KINNAUR, HIMACHAL PRADESH",-8.65350
2013-01,"LAHUL AND SPITI, HIMACHAL PRADESH",-8.07750
2013-01,"SENAPATI, MANIPUR",-6.65900
2013-01,"PITHORGARH, UTTARAKHAND",-6.56800
2013-01,"ANANTNAG, JAMMU AND KASHMIR",-6.02900
2002-07,"KARGIL, JAMMU AND KASHMIR",-2.80100
2002-07,"LADAKH, LADAKH",-1.89700
2002-07,"KINNAUR, HIMACHAL PRADESH",5.86800
2002-07,"LAHUL AND SPITI, HIMACHAL PRADESH",7.53900
2002-07,"KULU, HIMACHAL PRADESH",9.11200
2002-07,"KUPWARA, JAMMU AND KASHMIR",10.25700
2002-07,"BARAMULLA, JAMMU AND KASHMIR",10.46300
2002-07,"PULWAMA, JAMMU AND KASHMIR",11.38600
2002-07,"ANANTNAG, JAMMU AND KASHMIR",11.97700
2002-07,"BADGAM, JAMMU AND KASHMIR",12.45800
2001-09,"KARGIL, JAMMU AND KASHMIR",-8.49700
2001-09,"LADAKH, LADAKH",-6.93150
2001-09,"LAHUL AND SPITI, HIMACHAL PRADESH",3.08600
2001-09,"BARAMULLA, JAMMU AND KASHMIR",3.57400
2001-09,"KINNAUR, HIMACHAL PRADESH",4.08700
2001-09,"PULWAMA, JAMMU AND KASHMIR",4.61300
2001-09,"BADGAM, JAMMU AND KASHMIR",5.94900
2001-09,"SRINAGAR, JAMMU AND KASHMIR",5.94900
2001-09,"KUPWARA, JAMMU AND KASHMIR",6.39300
2001-09,"ANANTNAG, JAMMU AND KASHMIR",7.29400
2008-01,"LADAKH, LADAKH",-41.02700
2008-01,"KARGIL, JAMMU AND KASHMIR",-32.30600
2008-01,"LAHUL AND SPITI, HIMACHAL PRADESH",-16.63850
2008-01,"KINNAUR, HIMACHAL PRADESH",-15.68750
2008-01,"BARAMULLA, JAMMU AND KASHMIR",-13.33900
2008-01,"KUPWARA, JAMMU AND KASHMIR",-12.40300
2008-01,"PULWAMA, JAMMU AND KASHMIR",-11.78400
2008-01,"SRINAGAR, JAMMU AND KASHMIR",-10.01200
2008-01,"BADGAM, JAMMU AND KASHMIR",-10.01200
2008-01,"ANANTNAG, JAMMU AND KASHMIR",-8.32500
2002-05,"KARGIL, JAMMU AND KASHMIR",-19.88200
2002-05,"LADAKH, LADAKH",-12.37300
2002-05,"PULWAMA, JAMMU AND KASHMIR",2.10600
2002-05,"BARAMULLA, JAMMU AND KASHMIR",2.13100
2002-05,"LAHUL AND SPITI, HIMACHAL PRADESH",3.74600
2002-05,"KINNAUR, HIMACHAL PRADESH",3.87950
2002-05,"KUPWARA, JAMMU AND KASHMIR",4.18100
2002-05,"SRINAGAR, JAMMU AND KASHMIR",4.98900
2002-05,"BADGAM, JAMMU AND KASHMIR",4.98900
2002-05,"TAWANG, ARUNACHAL PRADESH",5.18700
2010-10,"LADAKH, LADAKH",-16.24500
2010-10,"KARGIL, JAMMU AND KASHMIR",-16.02700
2010-10,"LAHUL AND SPITI, HIMACHAL PRADESH",-3.91300
2010-10,"BARAMULLA, JAMMU AND KASHMIR",-1.65000
2010-10,"KUPWARA, JAMMU AND KASHMIR",-0.08500
2010-10,"PULWAMA, JAMMU AND KASHMIR",0.13200
2010-10,"KINNAUR, HIMACHAL PRADESH",0.69900
2010-10,"ANANTNAG, JAMMU AND KASHMIR",1.27800
2010-10,"SRINAGAR, JAMMU AND KASHMIR",1.56100
2010-10,"BADGAM, JAMMU AND KASHMIR",1.56100
2004-09,"LADAKH, LADAKH",-6.79450
2004-09,"KARGIL, JAMMU AND KASHMIR",-6.53800
2004-09,"KINNAUR, HIMACHAL PRADESH",4.28100
2004-09,"LAHUL AND SPITI, HIMACHAL PRADESH",4.32550
2004-09,"BARAMULLA, JAMMU AND KASHMIR",5.71300
2004-09,"KULU, HIMACHAL PRADESH",5.74100
2004-09,"PULWAMA, JAMMU AND KASHMIR",6.65100
2004-09,"ANANTNAG, JAMMU AND KASHMIR",7.51300
2004-09,"KUPWARA, JAMMU AND KASHMIR",7.61700
2004-09,"SRINAGAR, JAMMU AND KASHMIR",8.04500
2009-06,"KARGIL, JAMMU AND KASHMIR",-7.10300
2009-06,"LADAKH, LADAKH",-4.98900
2009-06,"BARAMULLA, JAMMU AND KASHMIR",2.79200
2009-06,"LAHUL AND SPITI, HIMACHAL PRADESH",3.92100
2009-06,"KUPWARA, JAMMU AND KASHMIR",3.93400
2009-06,"PULWAMA, JAMMU AND KASHMIR",5.87100
2009-06,"KINNAUR, HIMACHAL PRADESH",5.97500
2009-06,"SRINAGAR, JAMMU AND KASHMIR",7.44900
2009-06,"BADGAM, JAMMU AND KASHMIR",7.44900
2009-06,"ANANTNAG, JAMMU AND KASHMIR",8.02000
2013-04,"KARGIL, JAMMU AND KASHMIR",-28.45000
2013-04,"LADAKH, LADAKH",-26.86400
2013-04,"PULWAMA, JAMMU AND KASHMIR",-2.85100
2013-04,"BARAMULLA, JAMMU AND KASHMIR",-2.22600
2013-04,"KINNAUR, HIMACHAL PRADESH",-1.30500
2013-04,"KUPWARA, JAMMU AND KASHMIR",-0.84400
2013-04,"ANANTNAG, JAMMU AND KASHMIR",0.60300
2013-04,"LAHUL AND SPITI, HIMACHAL PRADESH",2.00200
2013-04,"BADGAM, JAMMU AND KASHMIR",4.34100
2013-04,"SRINAGAR, JAMMU AND KASHMIR",4.34100
2012-03,"LADAKH, LADAKH",-35.78700
2012-03,"KARGIL, JAMMU AND KASHMIR",-34.04400
2012-03,"PULWAMA, JAMMU AND KASHMIR",-10.93600
2012-03,"BARAMULLA, JAMMU AND KASHMIR",-8.86800
2012-03,"KUPWARA, JAMMU AND KASHMIR",-7.70000
2012-03,"LAHUL AND SPITI, HIMACHAL PRADESH",-6.73350
2012-03,"KINNAUR, HIMACHAL PRADESH",-6.19950
2012-03,"ANANTNAG, JAMMU AND KASHMIR",-3.88100
2012-03,"BADGAM, JAMMU AND KASHMIR",-1.34300
2012-03,"SRINAGAR, JAMMU AND KASHMIR",-1.34300
2007-04,"LADAKH, LADAKH",-19.06800
2007-04,"KARGIL, JAMMU AND KASHMIR",-16.98900
2007-04,"KINNAUR, HIMACHAL PRADESH",-2.30100
2007-04,"BARAMULLA, JAMMU AND KASHMIR",-0.57000
2007-04,"LAHUL AND SPITI, HIMACHAL PRADESH",0.28200
2007-04,"KUPWARA, JAMMU AND KASHMIR",0.47900
2007-04,"PULWAMA, JAMMU AND KASHMIR",0.78900
2007-04,"BADGAM, JAMMU AND KASHMIR",2.58600
2007-04,"SRINAGAR, JAMMU AND KASHMIR",2.58600
2007-04,"ANANTNAG, JAMMU AND KASHMIR",4.80900
2008-03,"LADAKH, LADAKH",-27.66000
2008-03,"KARGIL, JAMMU AND KASHMIR",-27.19400
2008-03,"KINNAUR, HIMACHAL PRADESH",-4.31250
2008-03,"LAHUL AND SPITI, HIMACHAL PRADESH",-4.21450
2008-03,"BARAMULLA, JAMMU AND KASHMIR",-1.99700
2008-03,"PULWAMA, JAMMU AND KASHMIR",-0.64300
2008-03,"KUPWARA, JAMMU AND KASHMIR",-0.20100
2008-03,"BADGAM, JAMMU AND KASHMIR",0.93900
2008-03,"SRINAGAR, JAMMU AND KASHMIR",0.93900
2008-03,"PHEK, NAGALAND",1.29200
2009-02,"LADAKH, LADAKH",-25.57250
2009-02,"KARGIL, JAMMU AND KASHMIR",-23.96400
2009-02,"LAHUL AND SPITI, HIMACHAL PRADESH",-8.99000
2009-02,"KINNAUR, HIMACHAL PRADESH",-8.15850
2009-02,"BARAMULLA, JAMMU AND KASHMIR",-6.13700
2009-02,"PULWAMA, JAMMU AND KASHMIR",-5.47700
2009-02,"KUPWARA, JAMMU AND KASHMIR",-4.72800
2009-02,"BADGAM, JAMMU AND KASHMIR",-3.68600
2009-02,"SRINAGAR, JAMMU AND KASHMIR",-3.68600
2009-02,"KULU, HIMACHAL PRADESH",-3.00400
2008-10,"LADAKH, LADAKH",-14.13350
2008-10,"KARGIL, JAMMU AND KASHMIR",-13.75900
2008-10,"LAHUL AND SPITI, HIMACHAL PRADESH",-0.31000
2008-10,"KINNAUR, HIMACHAL PRADESH",0.29700
2008-10,"BARAMULLA, JAMMU AND KASHMIR",1.65300
2008-10,"PULWAMA, JAMMU AND KASHMIR",2.99900
2008-10,"KUPWARA, JAMMU AND KASHMIR",3.37000
2008-10,"ANANTNAG, JAMMU AND KASHMIR",4.49800
2008-10,"KULU, HIMACHAL PRADESH",4.53000
2008-10,"SRINAGAR, JAMMU AND KASHMIR",4.78400
2004-07,"LADAKH, LADAKH",-3.27850
2004-07,"KARGIL, JAMMU AND KASHMIR",-3.08700
2004-07,"KINNAUR, HIMACHAL PRADESH",6.29800
2004-07,"LAHUL AND SPITI, HIMACHAL PRADESH",7.89050
2004-07,"KULU, HIMACHAL PRADESH",9.24800
2004-07,"BARAMULLA, JAMMU AND KASHMIR",9.70400
2004-07,"PULWAMA, JAMMU AND KASHMIR",10.53600
2004-07,"CHAMOLI, UTTARAKHAND",10.58400
2004-07,"KUPWARA, JAMMU AND KASHMIR",10.62700
2004-07,"BADGAM, JAMMU AND KASHMIR",12.23400
2006-06,"KARGIL, JAMMU AND KASHMIR",-17.83400
2006-06,"LADAKH, LADAKH",-10.64200
2006-06,"LAHUL AND SPITI, HIMACHAL PRADESH",0.23000
2006-06,"KINNAUR, HIMACHAL PRADESH",2.27500
2006-06,"BARAMULLA, JAMMU AND KASHMIR",5.59600
2006-06,"PULWAMA, JAMMU AND KASHMIR",6.67600
2006-06,"KUPWARA, JAMMU AND KASHMIR",7.40100
2006-06,"SRINAGAR, JAMMU AND KASHMIR",8.85000
2006-06,"BADGAM, JAMMU AND KASHMIR",8.85000
2006-06,"ANANTNAG, JAMMU AND KASHMIR",9.11200
