Month,District_State,MaximumRelativeHumidity
2013-05,"KARGIL, JAMMU AND KASHMIR",0.99141
2013-05,"N.C.HILLS, ASSAM",0.98797
2013-05,"KARIMGANJ, ASSAM",0.98699
2013-05,"PHEK, NAGALAND",0.98667
2013-05,"KARBI ANGLONG, ASSAM",0.98595
2013-05,"SENAPATI, MANIPUR",0.98543
2013-05,"CHURACHANDPUR, MANIPUR",0.98542
2013-05,"DIBANG VALLEY, ARUNACHAL PRADESH",0.98482
2013-05,"EAST SIANG, ARUNACHAL PRADESH",0.98456
2013-05,"IMPHAL, MANIPUR",0.98379
2009-07,"UPPER SIANG, ARUNACHAL PRADESH",0.98622
2009-07,"UPPER SUBANSIRI, ARUNACHAL PRADESH",0.98533
2009-07,"NILGIRIS, TAMILNADU",0.98472
2009-07,"SENAPATI, MANIPUR",0.98439
2009-07,"PHEK, NAGALAND",0.98358
2009-07,"MON, NAGALAND",0.98250
2009-07,"WAYANAD, KERALA",0.97959
2009-07,"WEST SIANG, ARUNACHAL PRADESH",0.97927
2009-07,"JAINTIA HILLS, MEGHALAYA",0.97893
2009-07,"PAPAMPARE, ARUNACHAL PRADESH",0.97884
2002-11,"SENAPATI, MANIPUR",0.98925
2002-11,"PHEK, NAGALAND",0.98915
2002-11,"MON, NAGALAND",0.98908
2002-11,"KARBI ANGLONG, ASSAM",0.98887
2002-11,"GOLAGHAT, ASSAM",0.98861
2002-11,"N.C.HILLS, ASSAM",0.98814
2002-11,"KOHIMA, NAGALAND",0.98790
2002-11,"TUENSANG, NAGALAND",0.98620
2002-11,"TINSUKIA, ASSAM",0.98502
2002-11,"NORTH TRIPURA, TRIPURA",0.98393
2013-09,"PULWAMA, JAMMU AND KASHMIR",0.99008
2013-09,"WEST KAMENG, ARUNACHAL PRADESH",0.98903
2013-09,"N.C.HILLS, ASSAM",0.98608
2013-09,"PHEK, NAGALAND",0.98476
2013-09,"KARIMGANJ, ASSAM",0.98393
2013-09,"SENAPATI, MANIPUR",0.98352
2013-09,"DIBANG VALLEY, ARUNACHAL PRADESH",0.98336
2013-09,"KOHIMA, NAGALAND",0.98294
2013-09,"GOLAGHAT, ASSAM",0.98294
2013-09,"MON, NAGALAND",0.98271
2007-05,"PHEK, NAGALAND",0.98705
2007-05,"SENAPATI, MANIPUR",0.98640
2007-05,"MON, NAGALAND",0.98604
2007-05,"KARBI ANGLONG, ASSAM",0.98465
2007-05,"GOLAGHAT, ASSAM",0.98428
2007-05,"KOHIMA, NAGALAND",0.98411
2007-05,"N.C.HILLS, ASSAM",0.98330
2007-05,"TUENSANG, NAGALAND",0.98260
2007-05,"UPPER SUBANSIRI, ARUNACHAL PRADESH",0.98244
2007-05,"TINSUKIA, ASSAM",0.97986
2010-08,"KARGIL, JAMMU AND KASHMIR",0.98807
2010-08,"SENAPATI, MANIPUR",0.98423
2010-08,"PHEK, NAGALAND",0.98395
2010-08,"BADGAM, JAMMU AND KASHMIR",0.98387
2010-08,"NILGIRIS, TAMILNADU",0.98374
2010-08,"PULWAMA, JAMMU AND KASHMIR",0.98351
2010-08,"MON, NAGALAND",0.98297
2010-08,"UPPER SUBANSIRI, ARUNACHAL PRADESH",0.98281
2010-08,"N.C.HILLS, ASSAM",0.98183
2010-08,"KARBI ANGLONG, ASSAM",0.98155
2008-02,"PULWAMA, JAMMU AND KASHMIR",0.99398
2008-02,"BADGAM, JAMMU AND KASHMIR",0.99354
2008-02,"BARAMULLA, JAMMU AND KASHMIR",0.99026
2008-02,"PHEK, NAGALAND",0.98455
2008-02,"KARBI ANGLONG, ASSAM",0.97288
2008-02,"MON, NAGALAND",0.97218
2008-02,"CHURACHANDPUR, MANIPUR",0.97020
2008-02,"AIZWAL, MIZORAM",0.96654
2008-02,"NILGIRIS, TAMILNADU",0.96284
2008-02,"GOLAGHAT, ASSAM",0.96184
2009-01,"BARAMULLA, JAMMU AND KASHMIR",0.99239
2009-01,"UPPER SUBANSIRI, ARUNACHAL PRADESH",0.99182
2009-01,"PULWAMA, JAMMU AND KASHMIR",0.99111
2009-01,"BADGAM, JAMMU AND KASHMIR",0.99059
2009-01,"UPPER SIANG, ARUNACHAL PRADESH",0.98717
2009-01,"PAPAMPARE, ARUNACHAL PRADESH",0.97986
2009-01,"JAMMU, JAMMU AND KASHMIR",0.97297
2009-01,"WEST SIANG, ARUNACHAL PRADESH",0.97019
2009-01,"EAST KAMENG, ARUNACHAL PRADESH",0.96637
2009-01,"LALITPUR, UTTAR PRADESH",0.95428
2005-07,"KARGIL, JAMMU AND KASHMIR",0.99372
2005-07,"NILGIRIS, TAMILNADU",0.98438
2005-07,"SENAPATI, MANIPUR",0.97971
2005-07,"UPPER SUBANSIRI, ARUNACHAL PRADESH",0.97968
2005-07,"WAYANAD, KERALA",0.97847
2005-07,"BADGAM, JAMMU AND KASHMIR",0.97833
2005-07,"PULWAMA, JAMMU AND KASHMIR",0.97803
2005-07,"JAINTIA HILLS, MEGHALAYA",0.97793
2005-07,"NORTH TRIPURA, TRIPURA",0.97582
2005-07,"KODAGU, KARNATAKA",0.97570
2005-09,"PHEK, NAGALAND",0.98445
2005-09,"NILGIRIS, TAMILNADU",0.98393
2005-09,"SENAPATI, MANIPUR",0.98373
2005-09,"N.C.HILLS, ASSAM",0.98069
2005-09,"MON, NAGALAND",0.98064
2005-09,"DANGS, GUJARAT",0.97708
2005-09,"WAYANAD, KERALA",0.97675
2005-09,"KODAGU, KARNATAKA",0.97550
2005-09,"NORTH GOA, GOA",0.97530
2005-09,"KOHIMA, NAGALAND",0.97280
2000-05,"UPPER SUBANSIRI, ARUNACHAL PRADESH",0.99213
2000-05,"PHEK, NAGALAND",0.98624
2000-05,"GOLAGHAT, ASSAM",0.98501
2000-05,"SENAPATI, MANIPUR",0.98499
2000-05,"KARBI ANGLONG, ASSAM",0.98467
2000-05,"KOHIMA, NAGALAND",0.98341
2000-05,"MON, NAGALAND",0.98340
2000-05,"N.C.HILLS, ASSAM",0.98211
2000-05,"UPPER SIANG, ARUNACHAL PRADESH",0.97967
2000-05,"PAPAMPARE, ARUNACHAL PRADESH",0.97476
2001-12,"PULWAMA, JAMMU AND KASHMIR",0.97973
2001-12,"BARAMULLA, JAMMU AND KASHMIR",0.96448
2001-12,"MON, NAGALAND",0.96230
2001-12,"DINDIGUL, TAMILNADU",0.95951
2001-12,"BADGAM, JAMMU AND KASHMIR",0.95553
2001-12,"MORIGAON, ASSAM",0.94823
2001-12,"PHEK, NAGALAND",0.94721
2001-12,"CHITTOR, ANDHRA PRADESH",0.94622
2001-12,"KARGIL, JAMMU AND KASHMIR",0.94251
2001-12,"THIRUVALLUR, TAMILNADU",0.94183
2013-12,"MON, NAGALAND",0.99393
2013-12,"GOLAGHAT, ASSAM",0.98928
2013-12,"JORHAT, ASSAM",0.97059
2013-12,"KARBI ANGLONG, ASSAM",0.96459
2013-12,"SIBSAGAR, ASSAM",0.96098
2013-12,"PHEK, NAGALAND",0.95304
2013-12,"DINDIGUL, TAMILNADU",0.95103
2013-12,"WEST KAMENG, ARUNACHAL PRADESH",0.95043
2013-12,"NOWGONG, ASSAM",0.93594
2013-12,"DIBRUGARH, ASSAM",0.93429
2004-05,"NILGIRIS, TAMILNADU",0.98357
2004-05,"SENAPATI, MANIPUR",0.98055
2004-05,"WAYANAD, KERALA",0.98002
2004-05,"MON, NAGALAND",0.97981
2004-05,"PHEK, NAGALAND",0.97960
2004-05,"GOLAGHAT, ASSAM",0.97796
2004-05,"KARBI ANGLONG, ASSAM",0.97587
2004-05,"MORIGAON, ASSAM",0.97241
2004-05,"N.C.HILLS, ASSAM",0.97134
2004-05,"KODAGU, KARNATAKA",0.97113
2006-07,"SENAPATI, MANIPUR",0.98402
2006-07,"NILGIRIS, TAMILNADU",0.98351
2006-07,"KINNAUR, HIMACHAL PRADESH",0.98252
2006-07,"PHEK, NAGALAND",0.98156
2006-07,"BADGAM, JAMMU AND KASHMIR",0.98105
2006-07,"MON, NAGALAND",0.98027
2006-07,"N.C.HILLS, ASSAM",0.97918
2006-07,"JAINTIA HILLS, MEGHALAYA",0.97670
2006-07,"DANGS, GUJARAT",0.97457
2006-07,"UPPER SUBANSIRI, ARUNACHAL PRADESH",0.97311
2010-11,"UPPER SUBANSIRI, ARUNACHAL PRADESH",0.98966
2010-11,"UPPER SIANG, ARUNACHAL PRADESH",0.98894
2010-11,"MON, NAGALAND",0.98732
2010-11,"PHEK, NAGALAND",0.98709
2010-11,"GOLAGHAT, ASSAM",0.98174
2010-11,"KARBI ANGLONG, ASSAM",0.98136
2010-11,"NILGIRIS, TAMILNADU",0.97944
2010-11,"KODAGU, KARNATAKA",0.97815
2010-11,"WEST SIANG, ARUNACHAL PRADESH",0.97802
2010-11,"NAWAPARA, ORISSA",0.97521
2003-02,"PULWAMA, JAMMU AND KASHMIR",0.99583
2003-02,"BARAMULLA, JAMMU AND KASHMIR",0.99551
2003-02,"BADGAM, JAMMU AND KASHMIR",0.99517
2003-02,"ANANTNAG, JAMMU AND KASHMIR",0.98790
2003-02,"DODA, JAMMU AND KASHMIR",0.97507
2003-02,"KINNAUR, HIMACHAL PRADESH",0.97481
2003-02,"KUPWARA, JAMMU AND KASHMIR",0.97475
2003-02,"LAHUL AND SPITI, HIMACHAL PRADESH",0.96224
2003-02,"S.RAVIDAS NAGAR, UTTAR PRADESH",0.96092
2003-02,"ALLAHABAD, UTTAR PRADESH",0.95830
2013-06,"WEST KAMENG, ARUNACHAL PRADESH",0.98602
2013-06,"N.C.HILLS, ASSAM",0.98514
2013-06,"KARBI ANGLONG, ASSAM",0.98202
2013-06,"NALBARI, ASSAM",0.98175
2013-06,"PULWAMA, JAMMU AND KASHMIR",0.98152
2013-06,"GOLAGHAT, ASSAM",0.98149
2013-06,"KARIMGANJ, ASSAM",0.98112
2013-06,"DIBANG VALLEY, ARUNACHAL PRADESH",0.98073
2013-06,"MON, NAGALAND",0.98052
2013-06,"CHURACHANDPUR, MANIPUR",0.98036
2001-06,"SENAPATI, MANIPUR",0.98480
2001-06,"NILGIRIS, TAMILNADU",0.98399
2001-06,"PHEK, NAGALAND",0.98389
2001-06,"MON, NAGALAND",0.98274
2001-06,"AIZWAL, MIZORAM",0.98107
2001-06,"NORTH TRIPURA, TRIPURA",0.97962
2001-06,"N.C.HILLS, ASSAM",0.97893
2001-06,"HAILAKANDI, ASSAM",0.97651
2001-06,"WAYANAD, KERALA",0.97555
2001-06,"JAINTIA HILLS, MEGHALAYA",0.97515
2005-12,"NILGIRIS, TAMILNADU",0.97990
2005-12,"PHEK, NAGALAND",0.97883
2005-12,"SENAPATI, MANIPUR",0.97793
2005-12,"NORTH TRIPURA, TRIPURA",0.97614
2005-12,"WAYANAD, KERALA",0.97291
2005-12,"HAILAKANDI, ASSAM",0.96557
2005-12,"MON, NAGALAND",0.96284
2005-12,"N.C.HILLS, ASSAM",0.96117
2005-12,"HASSAN, KARNATAKA",0.95976
2005-12,"DINDIGUL, TAMILNADU",0.95772
2006-05,"MON, NAGALAND",0.98508
2006-05,"NILGIRIS, TAMILNADU",0.98435
2006-05,"SENAPATI, MANIPUR",0.98389
2006-05,"PHEK, NAGALAND",0.98301
2006-05,"KARBI ANGLONG, ASSAM",0.98283
2006-05,"N.C.HILLS, ASSAM",0.98115
2006-05,"JAINTIA HILLS, MEGHALAYA",0.97943
2006-05,"TUENSANG, NAGALAND",0.97912
2006-05,"GOLAGHAT, ASSAM",0.97891
2006-05,"WAYANAD, KERALA",0.97770
2008-09,"PHEK, NAGALAND",0.98420
2008-09,"SENAPATI, MANIPUR",0.98281
2008-09,"NILGIRIS, TAMILNADU",0.98094
2008-09,"MON, NAGALAND",0.98033
2008-09,"DANGS, GUJARAT",0.97801
2008-09,"GOLAGHAT, ASSAM",0.97801
2008-09,"LAKHIMPUR, ASSAM",0.97679
2008-09,"NORTH TRIPURA, TRIPURA",0.97649
2008-09,"PAPAMPARE, ARUNACHAL PRADESH",0.97486
2008-09,"UPPER SUBANSIRI, ARUNACHAL PRADESH",0.97438
2006-04,"BARAMULLA, JAMMU AND KASHMIR",0.97737
2006-04,"PULWAMA, JAMMU AND KASHMIR",0.97320
2006-04,"KARGIL, JAMMU AND KASHMIR",0.96019
2006-04,"PHEK, NAGALAND",0.95418
2006-04,"KUPWARA, JAMMU AND KASHMIR",0.94749
2006-04,"SENAPATI, MANIPUR",0.94549
2006-04,"KARBI ANGLONG, ASSAM",0.94025
2006-04,"MORIGAON, ASSAM",0.94023
2006-04,"GOLAGHAT, ASSAM",0.93805
2006-04,"LADAKH, LADAKH",0.93583
2007-08,"PHEK, NAGALAND",0.98379
2007-08,"NILGIRIS, TAMILNADU",0.98363
2007-08,"SENAPATI, MANIPUR",0.98316
2007-08,"MON, NAGALAND",0.98203
2007-08,"N.C.HILLS, ASSAM",0.98189
2007-08,"JAINTIA HILLS, MEGHALAYA",0.97922
2007-08,"KARBI ANGLONG, ASSAM",0.97888
2007-08,"GOLAGHAT, ASSAM",0.97803
2007-08,"TUENSANG, NAGALAND",0.97738
2007-08,"NORTH TRIPURA, TRIPURA",0.97705
2010-02,"PULWAMA, JAMMU AND KASHMIR",0.99595
2010-02,"BARAMULLA, JAMMU AND KASHMIR",0.99587
2010-02,"BADGAM, JAMMU AND KASHMIR",0.99559
2010-02,"ANANTNAG, JAMMU AND KASHMIR",0.99037
2010-02,"UPPER SUBANSIRI, ARUNACHAL PRADESH",0.98888
2010-02,"PAPAMPARE, ARUNACHAL PRADESH",0.98736
2010-02,"UPPER SIANG, ARUNACHAL PRADESH",0.98619
2010-02,"KUPWARA, JAMMU AND KASHMIR",0.98489
2010-02,"DODA, JAMMU AND KASHMIR",0.98251
2010-02,"UDHAMPUR, JAMMU AND KASHMIR",0.97653
2001-05,"PHEK, NAGALAND",0.98803
2001-05,"SENAPATI, MANIPUR",0.98781
2001-05,"N.C.HILLS, ASSAM",0.98362
2001-05,"KARBI ANGLONG, ASSAM",0.98348
2001-05,"KOHIMA, NAGALAND",0.98319
2001-05,"GOLAGHAT, ASSAM",0.97948
2001-05,"NORTH TRIPURA, TRIPURA",0.97944
2001-05,"MON, NAGALAND",0.97913
2001-05,"TUENSANG, NAGALAND",0.97890
2001-05,"HAILAKANDI, ASSAM",0.97884
2005-02,"PULWAMA, JAMMU AND KASHMIR",0.99593
2005-02,"BARAMULLA, JAMMU AND KASHMIR",0.99587
2005-02,"BADGAM, JAMMU AND KASHMIR",0.99585
2005-02,"KUPWARA, JAMMU AND KASHMIR",0.99049
2005-02,"ANANTNAG, JAMMU AND KASHMIR",0.98036
2005-02,"KINNAUR, HIMACHAL PRADESH",0.97065
2005-02,"DODA, JAMMU AND KASHMIR",0.97000
2005-02,"LOHARDAGA, JHARKHAND",0.96233
2005-02,"DIBANG VALLEY, ARUNACHAL PRADESH",0.96052
2005-02,"EAST SIANG, ARUNACHAL PRADESH",0.95895
2001-11,"SENAPATI, MANIPUR",0.98822
2001-11,"PHEK, NAGALAND",0.98761
2001-11,"N.C.HILLS, ASSAM",0.98541
2001-11,"MON, NAGALAND",0.98442
2001-11,"AIZWAL, MIZORAM",0.98348
2001-11,"HAILAKANDI, ASSAM",0.98287
2001-11,"NILGIRIS, TAMILNADU",0.98285
2001-11,"CACHAR, ASSAM",0.98216
2001-11,"CHURACHANDPUR, MANIPUR",0.98216
2001-11,"NORTH TRIPURA, TRIPURA",0.98179
2000-08,"NILGIRIS, TAMILNADU",0.98497
2000-08,"SENAPATI, MANIPUR",0.98495
2000-08,"PHEK, NAGALAND",0.98407
2000-08,"WEST KAMENG, ARUNACHAL PRADESH",0.98358
2000-08,"UPPER SUBANSIRI, ARUNACHAL PRADESH",0.98342
2000-08,"N.C.HILLS, ASSAM",0.98272
2000-08,"MON, NAGALAND",0.98227
2000-08,"KARBI ANGLONG, ASSAM",0.98178
2000-08,"JAINTIA HILLS, MEGHALAYA",0.98111
2000-08,"PAPAMPARE, ARUNACHAL PRADESH",0.98091
2004-04,"PHEK, NAGALAND",0.98702
2004-04,"SENAPATI, MANIPUR",0.98682
2004-04,"MON, NAGALAND",0.98619
2004-04,"GOLAGHAT, ASSAM",0.98611
2004-04,"KARBI ANGLONG, ASSAM",0.98562
2004-04,"KOHIMA, NAGALAND",0.98363
2004-04,"N.C.HILLS, ASSAM",0.98013
2004-04,"TINSUKIA, ASSAM",0.97876
2004-04,"TUENSANG, NAGALAND",0.97809
2004-04,"LAKHIMPUR, ASSAM",0.97589
2006-09,"PHEK, NAGALAND",0.98601
2006-09,"NILGIRIS, TAMILNADU",0.98476
2006-09,"MON, NAGALAND",0.98432
2006-09,"SENAPATI, MANIPUR",0.98383
2006-09,"KARBI ANGLONG, ASSAM",0.98253
2006-09,"GOLAGHAT, ASSAM",0.98180
2006-09,"GOALPARA, ASSAM",0.98081
2006-09,"PULWAMA, JAMMU AND KASHMIR",0.98034
2006-09,"BADGAM, JAMMU AND KASHMIR",0.97955
2006-09,"WAYANAD, KERALA",0.97944
2002-04,"KARGIL, JAMMU AND KASHMIR",0.97004
2002-04,"UPPER SUBANSIRI, ARUNACHAL PRADESH",0.96668
2002-04,"GOALPARA, ASSAM",0.95930
2002-04,"MON, NAGALAND",0.95754
2002-04,"BARAMULLA, JAMMU AND KASHMIR",0.95463
2002-04,"UPPER SIANG, ARUNACHAL PRADESH",0.95075
2002-04,"PULWAMA, JAMMU AND KASHMIR",0.95048
2002-04,"PHEK, NAGALAND",0.94625
2002-04,"WEST SIANG, ARUNACHAL PRADESH",0.94461
2002-04,"EAST SIANG, ARUNACHAL PRADESH",0.94438
2003-07,"NILGIRIS, TAMILNADU",0.98337
2003-07,"MON, NAGALAND",0.98291
2003-07,"SENAPATI, MANIPUR",0.98194
2003-07,"PHEK, NAGALAND",0.98186
2003-07,"PAPAMPARE, ARUNACHAL PRADESH",0.97933
2003-07,"KARBI ANGLONG, ASSAM",0.97738
2003-07,"GOLAGHAT, ASSAM",0.97729
2003-07,"UPPER SUBANSIRI, ARUNACHAL PRADESH",0.97717
2003-07,"WAYANAD, KERALA",0.97597
2003-07,"WEST KAMENG, ARUNACHAL PRADESH",0.97550
2010-04,"UPPER SUBANSIRI, ARUNACHAL PRADESH",0.98478
2010-04,"GOLAGHAT, ASSAM",0.98423
2010-04,"KARBI ANGLONG, ASSAM",0.98422
2010-04,"MON, NAGALAND",0.98236
2010-04,"N.C.HILLS, ASSAM",0.98219
2010-04,"JAINTIA HILLS, MEGHALAYA",0.97994
2010-04,"PAPAMPARE, ARUNACHAL PRADESH",0.97732
2010-04,"LAKHIMPUR, ASSAM",0.97696
2010-04,"KOHIMA, NAGALAND",0.97623
2010-04,"UPPER SIANG, ARUNACHAL PRADESH",0.97586
2002-03,"BARAMULLA, JAMMU AND KASHMIR",0.99386
2002-03,"PULWAMA, JAMMU AND KASHMIR",0.98594
2002-03,"KINNAUR, HIMACHAL PRADESH",0.98314
2002-03,"BADGAM, JAMMU AND KASHMIR",0.97331
2002-03,"GOALPARA, ASSAM",0.97005
2002-03,"ANANTNAG, JAMMU AND KASHMIR",0.95475
2002-03,"UNA, HIMACHAL PRADESH",0.95229
2002-03,"PHEK, NAGALAND",0.94957
2002-03,"LAHUL AND SPITI, HIMACHAL PRADESH",0.94904
2002-03,"KARGIL, JAMMU AND KASHMIR",0.94439
2011-05,"N.C.HILLS, ASSAM",0.98762
2011-05,"KARIMGANJ, ASSAM",0.98508
2011-05,"PHEK, NAGALAND",0.98424
2011-05,"SENAPATI, MANIPUR",0.98396
2011-05,"KARBI ANGLONG, ASSAM",0.98342
2011-05,"GOLAGHAT, ASSAM",0.98240
2011-05,"CHURACHANDPUR, MANIPUR",0.98089
2011-05,"CACHAR, ASSAM",0.98078
2011-05,"EAST SIANG, ARUNACHAL PRADESH",0.98042
2011-05,"MON, NAGALAND",0.98033
2000-02,"BADGAM, JAMMU AND KASHMIR",0.99574
2000-02,"BARAMULLA, JAMMU AND KASHMIR",0.99424
2000-02,"PULWAMA, JAMMU AND KASHMIR",0.99285
2000-02,"MON, NAGALAND",0.98187
2000-02,"UPPER SUBANSIRI, ARUNACHAL PRADESH",0.97763
2000-02,"UPPER SIANG, ARUNACHAL PRADESH",0.96242
2000-02,"KARBI ANGLONG, ASSAM",0.96038
2000-02,"PHEK, NAGALAND",0.95941
2000-02,"NILGIRIS, TAMILNADU",0.95607
2000-02,"GOLAGHAT, ASSAM",0.95155
2000-01,"BADGAM, JAMMU AND KASHMIR",0.99571
2000-01,"BARAMULLA, JAMMU AND KASHMIR",0.99559
2000-01,"PULWAMA, JAMMU AND KASHMIR",0.99267
2000-01,"PHEK, NAGALAND",0.96909
2000-01,"KUPWARA, JAMMU AND KASHMIR",0.95021
2000-01,"UPPER SUBANSIRI, ARUNACHAL PRADESH",0.94991
2000-01,"DINDIGUL, TAMILNADU",0.94782
2000-01,"ANANTNAG, JAMMU AND KASHMIR",0.94447
2000-01,"UPPER SIANG, ARUNACHAL PRADESH",0.94436
2000-01,"DODA, JAMMU AND KASHMIR",0.93148
2002-12,"MON, NAGALAND",0.98841
2002-12,"PHEK, NAGALAND",0.98511
2002-12,"SENAPATI, MANIPUR",0.98472
2002-12,"BARAMULLA, JAMMU AND KASHMIR",0.97978
2002-12,"PULWAMA, JAMMU AND KASHMIR",0.97728
2002-12,"KARBI ANGLONG, ASSAM",0.96704
2002-12,"CHURACHANDPUR, MANIPUR",0.96560
2002-12,"TUENSANG, NAGALAND",0.96490
2002-12,"GOLAGHAT, ASSAM",0.95622
2002-12,"DINDIGUL, TAMILNADU",0.95520
2012-08,"PULWAMA, JAMMU AND KASHMIR",0.99385
2012-08,"WEST KAMENG, ARUNACHAL PRADESH",0.98870
2012-08,"N.C.HILLS, ASSAM",0.98473
2012-08,"MON, NAGALAND",0.98296
2012-08,"PHEK, NAGALAND",0.98290
2012-08,"GOLAGHAT, ASSAM",0.98290
2012-08,"KARBI ANGLONG, ASSAM",0.98187
2012-08,"SENAPATI, MANIPUR",0.98159
2012-08,"EAST SIANG, ARUNACHAL PRADESH",0.98095
2012-08,"NALBARI, ASSAM",0.98089
2004-02,"BARAMULLA, JAMMU AND KASHMIR",0.98999
2004-02,"PULWAMA, JAMMU AND KASHMIR",0.97035
2004-02,"BADGAM, JAMMU AND KASHMIR",0.96957
2004-02,"KUPWARA, JAMMU AND KASHMIR",0.93902
2004-02,"UPPER SUBANSIRI, ARUNACHAL PRADESH",0.92440
2004-02,"KARGIL, JAMMU AND KASHMIR",0.92009
2004-02,"MAYURBHANJ, ORISSA",0.91886
2004-02,"UPPER SIANG, ARUNACHAL PRADESH",0.91610
2004-02,"WEST SIANG, ARUNACHAL PRADESH",0.90896
2004-02,"NAWAPARA, ORISSA",0.90515
2012-02,"PULWAMA, JAMMU AND KASHMIR",0.99318
2012-02,"KUPWARA, JAMMU AND KASHMIR",0.97548
2012-02,"BARAMULLA, JAMMU AND KASHMIR",0.97500
2012-02,"ANANTNAG, JAMMU AND KASHMIR",0.96366
2012-02,"KARGIL, JAMMU AND KASHMIR",0.94459
2012-02,"UPPER SIANG, ARUNACHAL PRADESH",0.94286
2012-02,"UPPER SUBANSIRI, ARUNACHAL PRADESH",0.93881
2012-02,"KINNAUR, HIMACHAL PRADESH",0.93605
2012-02,"WEST KAMENG, ARUNACHAL PRADESH",0.92156
2012-02,"LUCKNOW, UTTAR PRADESH",0.90741
2006-03,"BADGAM, JAMMU AND KASHMIR",0.98845
2006-03,"PULWAMA, JAMMU AND KASHMIR",0.98650
2006-03,"BARAMULLA, JAMMU AND KASHMIR",0.96336
2006-03,"KARGIL, JAMMU AND KASHMIR",0.94734
2006-03,"KINNAUR, HIMACHAL PRADESH",0.94278
2006-03,"KUPWARA, JAMMU AND KASHMIR",0.93746
2006-03,"CHINDWARA, MADHAYA PRADESH",0.92728
2006-03,"BETUL, MADHAYA PRADESH",0.92247
2006-03,"LADAKH, LADAKH",0.91805
2006-03,"NILGIRIS, TAMILNADU",0.91310
2010-03,"BARAMULLA, JAMMU AND KASHMIR",0.99478
2010-03,"PULWAMA, JAMMU AND KASHMIR",0.99090
2010-03,"SENAPATI, MANIPUR",0.98716
2010-03,"PAPAMPARE, ARUNACHAL PRADESH",0.98676
2010-03,"UPPER SIANG, ARUNACHAL PRADESH",0.98416
2010-03,"UPPER SUBANSIRI, ARUNACHAL PRADESH",0.98385
2010-03,"PHEK, NAGALAND",0.98380
2010-03,"KUPWARA, JAMMU AND KASHMIR",0.98024
2010-03,"GOLAGHAT, ASSAM",0.97952
2010-03,"N.C.HILLS, ASSAM",0.97938
2000-07,"KINNAUR, HIMACHAL PRADESH",0.99338
2000-07,"NILGIRIS, TAMILNADU",0.98485
2000-07,"SENAPATI, MANIPUR",0.98244
2000-07,"PHEK, NAGALAND",0.98130
2000-07,"UPPER SUBANSIRI, ARUNACHAL PRADESH",0.98124
2000-07,"MON, NAGALAND",0.98118
2000-07,"UPPER SIANG, ARUNACHAL PRADESH",0.98104
2000-07,"WAYANAD, KERALA",0.97858
2000-07,"PAPAMPARE, ARUNACHAL PRADESH",0.97697
2000-07,"KODAGU, KARNATAKA",0.97564
2001-10,"MON, NAGALAND",0.98663
2001-10,"PHEK, NAGALAND",0.98656
2001-10,"SENAPATI, MANIPUR",0.98580
2001-10,"KOHIMA, NAGALAND",0.98425
2001-10,"KARBI ANGLONG, ASSAM",0.98352
2001-10,"TUENSANG, NAGALAND",0.98317
2001-10,"N.C.HILLS, ASSAM",0.98218
2001-10,"GOLAGHAT, ASSAM",0.98202
2001-10,"NORTH TRIPURA, TRIPURA",0.98175
2001-10,"GOALPARA, ASSAM",0.98175
2004-11,"NILGIRIS, TAMILNADU",0.97862
2004-11,"PHEK, NAGALAND",0.97750
2004-11,"WAYANAD, KERALA",0.97195
2004-11,"DINDIGUL, TAMILNADU",0.97008
2004-11,"SENAPATI, MANIPUR",0.96823
2004-11,"MON, NAGALAND",0.95794
2004-11,"CHAMARAJANAGA, KARNATAKA",0.95541
2004-11,"MYSORE, KARNATAKA",0.95440
2004-11,"HASSAN, KARNATAKA",0.95055
2004-11,"KRISHNAGIRI, TAMILNADU",0.94640
2007-07,"SENAPATI, MANIPUR",0.98524
2007-07,"PHEK, NAGALAND",0.98457
2007-07,"UPPER SUBANSIRI, ARUNACHAL PRADESH",0.98385
2007-07,"N.C.HILLS, ASSAM",0.98352
2007-07,"NILGIRIS, TAMILNADU",0.98344
2007-07,"MON, NAGALAND",0.98260
2007-07,"KARBI ANGLONG, ASSAM",0.98205
2007-07,"JAINTIA HILLS, MEGHALAYA",0.98125
2007-07,"GOLAGHAT, ASSAM",0.98106
2007-07,"EAST GARO HILLS, MEGHALAYA",0.98056
2012-04,"PULWAMA, JAMMU AND KASHMIR",0.98951
2012-04,"CHURACHANDPUR, MANIPUR",0.98453
2012-04,"EAST SIANG, ARUNACHAL PRADESH",0.98429
2012-04,"GOLAGHAT, ASSAM",0.98293
2012-04,"KARGIL, JAMMU AND KASHMIR",0.98258
2012-04,"PHEK, NAGALAND",0.98162
2012-04,"BARAMULLA, JAMMU AND KASHMIR",0.98084
2012-04,"SENAPATI, MANIPUR",0.97950
2012-04,"KARBI ANGLONG, ASSAM",0.97882
2012-04,"DIBANG VALLEY, ARUNACHAL PRADESH",0.97620
2003-12,"PHEK, NAGALAND",0.98885
2003-12,"BARAMULLA, JAMMU AND KASHMIR",0.98873
2003-12,"MON, NAGALAND",0.98503
2003-12,"SENAPATI, MANIPUR",0.98461
2003-12,"PULWAMA, JAMMU AND KASHMIR",0.97940
2003-12,"KARBI ANGLONG, ASSAM",0.96704
2003-12,"TUENSANG, NAGALAND",0.96688
2003-12,"RAYAGADA, ORISSA",0.96678
2003-12,"KOHIMA, NAGALAND",0.96661
2003-12,"GOLAGHAT, ASSAM",0.96601
2010-01,"PAPAMPARE, ARUNACHAL PRADESH",0.98981
2010-01,"EAST KAMENG, ARUNACHAL PRADESH",0.98856
2010-01,"WEST KAMENG, ARUNACHAL PRADESH",0.98394
2010-01,"BARAMULLA, JAMMU AND KASHMIR",0.97406
2010-01,"UPPER SUBANSIRI, ARUNACHAL PRADESH",0.96474
2010-01,"TAWANG, ARUNACHAL PRADESH",0.96333
2010-01,"KOKRAJHAR, ASSAM",0.96290
2010-01,"BADGAM, JAMMU AND KASHMIR",0.96262
2010-01,"GOLAGHAT, ASSAM",0.96132
2010-01,"BONGAIGAON, ASSAM",0.95633
2010-09,"SENAPATI, MANIPUR",0.98526
2010-09,"PHEK, NAGALAND",0.98524
2010-09,"MON, NAGALAND",0.98414
2010-09,"UPPER SUBANSIRI, ARUNACHAL PRADESH",0.98358
2010-09,"KARBI ANGLONG, ASSAM",0.98318
2010-09,"GOLAGHAT, ASSAM",0.98283
2010-09,"KOHIMA, NAGALAND",0.98211
2010-09,"TUENSANG, NAGALAND",0.98203
2010-09,"N.C.HILLS, ASSAM",0.98161
2010-09,"UPPER SIANG, ARUNACHAL PRADESH",0.98036
2012-05,"EAST SIANG, ARUNACHAL PRADESH",0.98481
2012-05,"KARGIL, JAMMU AND KASHMIR",0.98237
2012-05,"PHEK, NAGALAND",0.97955
2012-05,"DIBANG VALLEY, ARUNACHAL PRADESH",0.97923
2012-05,"GOLAGHAT, ASSAM",0.97900
2012-05,"MON, NAGALAND",0.97286
2012-05,"N.C.HILLS, ASSAM",0.97123
2012-05,"SENAPATI, MANIPUR",0.97097
2012-05,"KARBI ANGLONG, ASSAM",0.97024
2012-05,"WEST KAMENG, ARUNACHAL PRADESH",0.96788
2005-10,"PHEK, NAGALAND",0.98750
2005-10,"MON, NAGALAND",0.98737
2005-10,"SENAPATI, MANIPUR",0.98721
2005-10,"KOHIMA, NAGALAND",0.98696
2005-10,"KARBI ANGLONG, ASSAM",0.98683
2005-10,"GOLAGHAT, ASSAM",0.98669
2005-10,"TUENSANG, NAGALAND",0.98620
2005-10,"N.C.HILLS, ASSAM",0.98602
2005-10,"TINSUKIA, ASSAM",0.98496
2005-10,"NOWGONG, ASSAM",0.98443
2006-08,"BADGAM, JAMMU AND KASHMIR",0.98493
2006-08,"NILGIRIS, TAMILNADU",0.98459
2006-08,"PULWAMA, JAMMU AND KASHMIR",0.98296
2006-08,"BARAMULLA, JAMMU AND KASHMIR",0.98164
2006-08,"SENAPATI, MANIPUR",0.98001
2006-08,"PHEK, NAGALAND",0.97887
2006-08,"DANGS, GUJARAT",0.97847
2006-08,"WAYANAD, KERALA",0.97690
2006-08,"KODAGU, KARNATAKA",0.97501
2006-08,"HAVERI, KARNATAKA",0.97324
2008-08,"SENAPATI, MANIPUR",0.98521
2008-08,"PHEK, NAGALAND",0.98426
2008-08,"UPPER SUBANSIRI, ARUNACHAL PRADESH",0.98421
2008-08,"UPPER SIANG, ARUNACHAL PRADESH",0.98373
2008-08,"NILGIRIS, TAMILNADU",0.98372
2008-08,"MON, NAGALAND",0.98285
2008-08,"TINSUKIA, ASSAM",0.98215
2008-08,"KOHIMA, NAGALAND",0.98160
2008-08,"N.C.HILLS, ASSAM",0.98136
2008-08,"CHANGLANG, ARUNACHAL PRADESH",0.98041
2009-10,"UPPER SIANG, ARUNACHAL PRADESH",0.98761
2009-10,"UPPER SUBANSIRI, ARUNACHAL PRADESH",0.98673
2009-10,"PHEK, NAGALAND",0.98594
2009-10,"SENAPATI, MANIPUR",0.98541
2009-10,"MON, NAGALAND",0.98526
2009-10,"NILGIRIS, TAMILNADU",0.98435
2009-10,"CHANGLANG, ARUNACHAL PRADESH",0.98340
2009-10,"KARBI ANGLONG, ASSAM",0.98304
2009-10,"TIRAP, ARUNACHAL PRADESH",0.98248
2009-10,"GOLAGHAT, ASSAM",0.98191
2001-04,"GOLAGHAT, ASSAM",0.98649
2001-04,"KARBI ANGLONG, ASSAM",0.98375
2001-04,"MON, NAGALAND",0.98224
2001-04,"NILGIRIS, TAMILNADU",0.97741
2001-04,"KARGIL, JAMMU AND KASHMIR",0.97270
2001-04,"GOALPARA, ASSAM",0.97228
2001-04,"LAKHIMPUR, ASSAM",0.97225
2001-04,"PHEK, NAGALAND",0.97081
2001-04,"PULWAMA, JAMMU AND KASHMIR",0.96876
2001-04,"TUENSANG, NAGALAND",0.96769
2007-12,"PULWAMA, JAMMU AND KASHMIR",0.99285
2007-12,"MON, NAGALAND",0.98328
2007-12,"BARAMULLA, JAMMU AND KASHMIR",0.98185
2007-12,"PHEK, NAGALAND",0.97762
2007-12,"DINDIGUL, TAMILNADU",0.97305
2007-12,"NILGIRIS, TAMILNADU",0.95721
2007-12,"GOLAGHAT, ASSAM",0.95280
2007-12,"BADGAM, JAMMU AND KASHMIR",0.95015
2007-12,"ERODE, TAMILNADU",0.94694
2007-12,"TIRUCHIRAPALLI, TAMILNADU",0.94671
2005-11,"NILGIRIS, TAMILNADU",0.97836
2005-11,"DINDIGUL, TAMILNADU",0.97529
2005-11,"WAYANAD, KERALA",0.96926
2005-11,"CHHIMTUIPUI, MIZORAM",0.96763
2005-11,"KRISHNAGIRI, TAMILNADU",0.96517
2005-11,"CHAMARAJANAGA, KARNATAKA",0.96494
2005-11,"PHEK, NAGALAND",0.96390
2005-11,"ERODE, TAMILNADU",0.96033
2005-11,"KODAGU, KARNATAKA",0.96012
2005-11,"CHITTOR, ANDHRA PRADESH",0.95977
2010-06,"UPPER SUBANSIRI, ARUNACHAL PRADESH",0.98667
2010-06,"N.C.HILLS, ASSAM",0.98444
2010-06,"SENAPATI, MANIPUR",0.98395
2010-06,"NILGIRIS, TAMILNADU",0.98360
2010-06,"PHEK, NAGALAND",0.98355
2010-06,"KARBI ANGLONG, ASSAM",0.98330
2010-06,"MON, NAGALAND",0.98324
2010-06,"UPPER SIANG, ARUNACHAL PRADESH",0.98204
2010-06,"GOLAGHAT, ASSAM",0.98103
2010-06,"KOHIMA, NAGALAND",0.97993
2005-01,"BARAMULLA, JAMMU AND KASHMIR",0.99518
2005-01,"BADGAM, JAMMU AND KASHMIR",0.99489
2005-01,"PULWAMA, JAMMU AND KASHMIR",0.99364
2005-01,"MON, NAGALAND",0.96553
2005-01,"ANANTNAG, JAMMU AND KASHMIR",0.95530
2005-01,"KARBI ANGLONG, ASSAM",0.95503
2005-01,"SEONI, MADHAYA PRADESH",0.95240
2005-01,"SHAHDOL, MADHAYA PRADESH",0.94739
2005-01,"DINDIGUL, TAMILNADU",0.94596
2005-01,"PHEK, NAGALAND",0.94526
2002-09,"MON, NAGALAND",0.98634
2002-09,"PHEK, NAGALAND",0.98580
2002-09,"SENAPATI, MANIPUR",0.98466
2002-09,"GOLAGHAT, ASSAM",0.98331
2002-09,"GOALPARA, ASSAM",0.98266
2002-09,"KARBI ANGLONG, ASSAM",0.98229
2002-09,"TUENSANG, NAGALAND",0.98164
2002-09,"NILGIRIS, TAMILNADU",0.98141
2002-09,"DHUBRI, ASSAM",0.98003
2002-09,"TINSUKIA, ASSAM",0.97894
2004-10,"PHEK, NAGALAND",0.98911
2004-10,"MON, NAGALAND",0.98760
2004-10,"SENAPATI, MANIPUR",0.98732
2004-10,"GOLAGHAT, ASSAM",0.98536
2004-10,"KARBI ANGLONG, ASSAM",0.98521
2004-10,"KOHIMA, NAGALAND",0.98492
2004-10,"N.C.HILLS, ASSAM",0.98434
2004-10,"MORIGAON, ASSAM",0.98428
2004-10,"TUENSANG, NAGALAND",0.98391
2004-10,"GOALPARA, ASSAM",0.98320
2008-05,"SENAPATI, MANIPUR",0.98644
2008-05,"PHEK, NAGALAND",0.98466
2008-05,"MON, NAGALAND",0.98223
2008-05,"KARGIL, JAMMU AND KASHMIR",0.97203
2008-05,"NILGIRIS, TAMILNADU",0.97149
2008-05,"N.C.HILLS, ASSAM",0.96566
2008-05,"CHANGLANG, ARUNACHAL PRADESH",0.95634
2008-05,"WAYANAD, KERALA",0.95538
2008-05,"KOHIMA, NAGALAND",0.95485
2008-05,"TIRAP, ARUNACHAL PRADESH",0.95437
2012-12,"PULWAMA, JAMMU AND KASHMIR",0.99732
2012-12,"WEST KAMENG, ARUNACHAL PRADESH",0.99064
2012-12,"GOLAGHAT, ASSAM",0.98589
2012-12,"DIBANG VALLEY, ARUNACHAL PRADESH",0.98436
2012-12,"EAST SIANG, ARUNACHAL PRADESH",0.98314
2012-12,"MON, NAGALAND",0.98269
2012-12,"TIRAP, ARUNACHAL PRADESH",0.97896
2012-12,"JORHAT, ASSAM",0.97696
2012-12,"UPPER SIANG, ARUNACHAL PRADESH",0.97690
2012-12,"TINSUKIA, ASSAM",0.97684
2012-07,"WEST KAMENG, ARUNACHAL PRADESH",0.98625
2012-07,"N.C.HILLS, ASSAM",0.98522
2012-07,"KARBI ANGLONG, ASSAM",0.98234
2012-07,"PULWAMA, JAMMU AND KASHMIR",0.98212
2012-07,"PHEK, NAGALAND",0.98191
2012-07,"GOLAGHAT, ASSAM",0.98140
2012-07,"EAST SIANG, ARUNACHAL PRADESH",0.98125
2012-07,"MON, NAGALAND",0.98081
2012-07,"KARIMGANJ, ASSAM",0.98077
2012-07,"SENAPATI, MANIPUR",0.98046
2000-09,"SENAPATI, MANIPUR",0.98674
2000-09,"PHEK, NAGALAND",0.98534
2000-09,"MON, NAGALAND",0.98508
2000-09,"N.C.HILLS, ASSAM",0.98294
2000-09,"KOHIMA, NAGALAND",0.98288
2000-09,"NILGIRIS, TAMILNADU",0.98242
2000-09,"GOLAGHAT, ASSAM",0.98232
2000-09,"TUENSANG, NAGALAND",0.98200
2000-09,"KARBI ANGLONG, ASSAM",0.98182
2000-09,"NORTH TRIPURA, TRIPURA",0.97939
2002-06,"NILGIRIS, TAMILNADU",0.98340
2002-06,"PHEK, NAGALAND",0.98227
2002-06,"SENAPATI, MANIPUR",0.98080
2002-06,"GOALPARA, ASSAM",0.98052
2002-06,"UPPER SUBANSIRI, ARUNACHAL PRADESH",0.97887
2002-06,"MON, NAGALAND",0.97799
2002-06,"JAINTIA HILLS, MEGHALAYA",0.97669
2002-06,"MORIGAON, ASSAM",0.97556
2002-06,"WAYANAD, KERALA",0.97450
2002-06,"DHUBRI, ASSAM",0.97325
2011-03,"GOLAGHAT, ASSAM",0.99038
2011-03,"KUPWARA, JAMMU AND KASHMIR",0.98947
2011-03,"EAST SIANG, ARUNACHAL PRADESH",0.98856
2011-03,"KARBI ANGLONG, ASSAM",0.98825
2011-03,"DIBANG VALLEY, ARUNACHAL PRADESH",0.98719
2011-03,"SIBSAGAR, ASSAM",0.98589
2011-03,"JORHAT, ASSAM",0.98480
2011-03,"PULWAMA, JAMMU AND KASHMIR",0.98173
2011-03,"PHEK, NAGALAND",0.97972
2011-03,"BARAMULLA, JAMMU AND KASHMIR",0.97945
2010-07,"UPPER SUBANSIRI, ARUNACHAL PRADESH",0.98598
2010-07,"SENAPATI, MANIPUR",0.98443
2010-07,"NILGIRIS, TAMILNADU",0.98371
2010-07,"PHEK, NAGALAND",0.98354
2010-07,"UPPER SIANG, ARUNACHAL PRADESH",0.98218
2010-07,"MON, NAGALAND",0.98163
2010-07,"GOLAGHAT, ASSAM",0.98112
2010-07,"KARBI ANGLONG, ASSAM",0.98108
2010-07,"BADGAM, JAMMU AND KASHMIR",0.98107
2010-07,"KOHIMA, NAGALAND",0.98028
2006-10,"SENAPATI, MANIPUR",0.98636
2006-10,"PHEK, NAGALAND",0.98497
2006-10,"NILGIRIS, TAMILNADU",0.98175
2006-10,"COOCH BEHAR, WEST BENGAL",0.97500
2006-10,"WAYANAD, KERALA",0.97427
2006-10,"DHUBRI, ASSAM",0.97213
2006-10,"MON, NAGALAND",0.97114
2006-10,"CHICKMAGALUR, KARNATAKA",0.97085
2006-10,"SHIMOGA, KARNATAKA",0.96986
2006-10,"KHAMMAM, TELANGANA",0.96951
2005-05,"PHEK, NAGALAND",0.98174
2005-05,"SENAPATI, MANIPUR",0.98153
2005-05,"KOHIMA, NAGALAND",0.97734
2005-05,"KARBI ANGLONG, ASSAM",0.97627
2005-05,"KARGIL, JAMMU AND KASHMIR",0.97512
2005-05,"GOLAGHAT, ASSAM",0.97413
2005-05,"N.C.HILLS, ASSAM",0.95641
2005-05,"UPPER SUBANSIRI, ARUNACHAL PRADESH",0.95125
2005-05,"MON, NAGALAND",0.94029
2005-05,"JAINTIA HILLS, MEGHALAYA",0.93690
2001-03,"PULWAMA, JAMMU AND KASHMIR",0.96834
2001-03,"UPPER SIANG, ARUNACHAL PRADESH",0.96295
2001-03,"BARAMULLA, JAMMU AND KASHMIR",0.95258
2001-03,"UPPER SUBANSIRI, ARUNACHAL PRADESH",0.93306
2001-03,"KARGIL, JAMMU AND KASHMIR",0.93142
2001-03,"PHEK, NAGALAND",0.91221
2001-03,"BADGAM, JAMMU AND KASHMIR",0.90502
2001-03,"SENAPATI, MANIPUR",0.89850
2001-03,"MON, NAGALAND",0.88772
2001-03,"LADAKH, LADAKH",0.88435
2007-09,"SENAPATI, MANIPUR",0.98647
2007-09,"PHEK, NAGALAND",0.98632
2007-09,"MON, NAGALAND",0.98537
2007-09,"NILGIRIS, TAMILNADU",0.98418
2007-09,"N.C.HILLS, ASSAM",0.98293
2007-09,"KOHIMA, NAGALAND",0.98268
2007-09,"KARBI ANGLONG, ASSAM",0.98266
2007-09,"GOLAGHAT, ASSAM",0.98250
2007-09,"GOALPARA, ASSAM",0.98202
2007-09,"TINSUKIA, ASSAM",0.98149
2011-01,"EAST SIANG, ARUNACHAL PRADESH",0.97957
2011-01,"SIBSAGAR, ASSAM",0.96793
2011-01,"TIRAP, ARUNACHAL PRADESH",0.96699
2011-01,"WEST KAMENG, ARUNACHAL PRADESH",0.96553
2011-01,"MON, NAGALAND",0.96381
2011-01,"UPPER SIANG, ARUNACHAL PRADESH",0.96314
2011-01,"GOLAGHAT, ASSAM",0.96141
2011-01,"JORHAT, ASSAM",0.96070
2011-01,"TINSUKIA, ASSAM",0.95976
2011-01,"CHHIMTUIPUI, MIZORAM",0.95896
2013-11,"BARAMULLA, JAMMU AND KASHMIR",0.97729
2013-11,"PULWAMA, JAMMU AND KASHMIR",0.97023
2013-11,"CHHIMTUIPUI, MIZORAM",0.96085
2013-11,"VIZIANAGARAM, ANDHRA PRADESH",0.95666
2013-11,"MYSORE, KARNATAKA",0.95429
2013-11,"THIRUVALLUR, TAMILNADU",0.94989
2013-11,"CHITTOR, ANDHRA PRADESH",0.94743
2013-11,"MON, NAGALAND",0.94734
2013-11,"DINDIGUL, TAMILNADU",0.94567
2013-11,"CHENNAI, TAMILNADU",0.94515
2012-01,"PULWAMA, JAMMU AND KASHMIR",0.98660
2012-01,"PHEK, NAGALAND",0.98377
2012-01,"MON, NAGALAND",0.98024
2012-01,"GOLAGHAT, ASSAM",0.97520
2012-01,"SIBSAGAR, ASSAM",0.97422
2012-01,"JORHAT, ASSAM",0.97221
2012-01,"EAST SIANG, ARUNACHAL PRADESH",0.97053
2012-01,"SHAHDOL, MADHAYA PRADESH",0.96856
2012-01,"KARBI ANGLONG, ASSAM",0.96681
2012-01,"KOHIMA, NAGALAND",0.95832
2003-01,"PULWAMA, JAMMU AND KASHMIR",0.99371
2003-01,"BARAMULLA, JAMMU AND KASHMIR",0.99128
2003-01,"PHEK, NAGALAND",0.98317
2003-01,"BADGAM, JAMMU AND KASHMIR",0.97748
2003-01,"KARBI ANGLONG, ASSAM",0.97614
2003-01,"KOHIMA, NAGALAND",0.95941
2003-01,"MON, NAGALAND",0.95801
2003-01,"UPPER SIANG, ARUNACHAL PRADESH",0.95583
2003-01,"ANANTNAG, JAMMU AND KASHMIR",0.95384
2003-01,"GOLAGHAT, ASSAM",0.95281
2008-06,"PHEK, NAGALAND",0.98379
2008-06,"SENAPATI, MANIPUR",0.98378
2008-06,"UPPER SUBANSIRI, ARUNACHAL PRADESH",0.98287
2008-06,"N.C.HILLS, ASSAM",0.98057
2008-06,"NILGIRIS, TAMILNADU",0.98017
2008-06,"MON, NAGALAND",0.97994
2008-06,"NORTH TRIPURA, TRIPURA",0.97786
2008-06,"CHURACHANDPUR, MANIPUR",0.97472
2008-06,"JAINTIA HILLS, MEGHALAYA",0.97461
2008-06,"LAKHIMPUR, ASSAM",0.97401
2009-08,"SENAPATI, MANIPUR",0.98550
2009-08,"PHEK, NAGALAND",0.98508
2009-08,"N.C.HILLS, ASSAM",0.98409
2009-08,"MON, NAGALAND",0.98349
2009-08,"NILGIRIS, TAMILNADU",0.98344
2009-08,"KARBI ANGLONG, ASSAM",0.98301
2009-08,"UPPER SUBANSIRI, ARUNACHAL PRADESH",0.98282
2009-08,"KOHIMA, NAGALAND",0.98278
2009-08,"GOLAGHAT, ASSAM",0.98182
2009-08,"PAPAMPARE, ARUNACHAL PRADESH",0.98062
2000-12,"BARAMULLA, JAMMU AND KASHMIR",0.97273
2000-12,"DINDIGUL, TAMILNADU",0.96468
2000-12,"KODAGU, KARNATAKA",0.94640
2000-12,"TIRUCHIRAPALLI, TAMILNADU",0.94188
2000-12,"KARGIL, JAMMU AND KASHMIR",0.93376
2000-12,"PERAMBALUR, TAMILNADU",0.93264
2000-12,"KUPWARA, JAMMU AND KASHMIR",0.92791
2000-12,"THENI, TAMILNADU",0.92264
2000-12,"CUDDALORE, TAMILNADU",0.92263
2000-12,"MADURAI, TAMILNADU",0.92241
2008-04,"KARGIL, JAMMU AND KASHMIR",0.97181
2008-04,"PULWAMA, JAMMU AND KASHMIR",0.95459
2008-04,"BADGAM, JAMMU AND KASHMIR",0.95429
2008-04,"PHEK, NAGALAND",0.94656
2008-04,"LADAKH, LADAKH",0.94367
2008-04,"TINSUKIA, ASSAM",0.94238
2008-04,"CHANGLANG, ARUNACHAL PRADESH",0.93829
2008-04,"BARAMULLA, JAMMU AND KASHMIR",0.93822
2008-04,"UPPER SUBANSIRI, ARUNACHAL PRADESH",0.93781
2008-04,"PAPAMPARE, ARUNACHAL PRADESH",0.93384
2001-01,"UPPER SIANG, ARUNACHAL PRADESH",0.95112
2001-01,"UPPER SUBANSIRI, ARUNACHAL PRADESH",0.94260
2001-01,"PHEK, NAGALAND",0.94072
2001-01,"SAHARANPUR, UTTAR PRADESH",0.92700
2001-01,"WEST SIANG, ARUNACHAL PRADESH",0.92690
2001-01,"MON, NAGALAND",0.92451
2001-01,"KURUKSHTRA, HARYANA",0.92188
2001-01,"MUZAFFARNAGAR, UTTAR PRADESH",0.92031
2001-01,"PANIPAT, HARYANA",0.92009
2001-01,"GOLAGHAT, ASSAM",0.91660
2006-02,"PULWAMA, JAMMU AND KASHMIR",0.99205
2006-02,"BARAMULLA, JAMMU AND KASHMIR",0.99184
2006-02,"BADGAM, JAMMU AND KASHMIR",0.97771
2006-02,"GOLAGHAT, ASSAM",0.96020
2006-02,"UPPER SUBANSIRI, ARUNACHAL PRADESH",0.95834
2006-02,"KARGIL, JAMMU AND KASHMIR",0.95197
2006-02,"KARBI ANGLONG, ASSAM",0.94041
2006-02,"UPPER SIANG, ARUNACHAL PRADESH",0.93149
2006-02,"MON, NAGALAND",0.93088
2006-02,"WEST SIANG, ARUNACHAL PRADESH",0.92814
2011-11,"MON, NAGALAND",0.98655
2011-11,"DINDIGUL, TAMILNADU",0.97488
2011-11,"PHEK, NAGALAND",0.97181
2011-11,"MADURAI, TAMILNADU",0.96773
2011-11,"HASSAN, KARNATAKA",0.95829
2011-11,"TIRAP, ARUNACHAL PRADESH",0.95668
2011-11,"MYSORE, KARNATAKA",0.95453
2011-11,"CHAMARAJANAGA, KARNATAKA",0.95362
2011-11,"TIRUVANNAMALAI, TAMILNADU",0.95269
2011-11,"CHITTOR, ANDHRA PRADESH",0.95231
2012-11,"N.C.HILLS, ASSAM",0.98842
2012-11,"PHEK, NAGALAND",0.98780
2012-11,"SENAPATI, MANIPUR",0.98665
2012-11,"CHURACHANDPUR, MANIPUR",0.98554
2012-11,"IMPHAL, MANIPUR",0.98497
2012-11,"KOHIMA, NAGALAND",0.98471
2012-11,"CACHAR, ASSAM",0.98384
2012-11,"KARIMGANJ, ASSAM",0.98353
2012-11,"TUENSANG, NAGALAND",0.98318
2012-11,"LOHARDAGA, JHARKHAND",0.98286
2013-02,"PULWAMA, JAMMU AND KASHMIR",0.99788
2013-02,"KUPWARA, JAMMU AND KASHMIR",0.99781
2013-02,"BARAMULLA, JAMMU AND KASHMIR",0.98637
2013-02,"MON, NAGALAND",0.98388
2013-02,"GOLAGHAT, ASSAM",0.98365
2013-02,"PHEK, NAGALAND",0.98039
2013-02,"JORHAT, ASSAM",0.97854
2013-02,"KINNAUR, HIMACHAL PRADESH",0.97022
2013-02,"WEST KAMENG, ARUNACHAL PRADESH",0.96923
2013-02,"TIRAP, ARUNACHAL PRADESH",0.96899
2000-10,"SENAPATI, MANIPUR",0.98948
2000-10,"MON, NAGALAND",0.98806
2000-10,"PHEK, NAGALAND",0.98781
2000-10,"N.C.HILLS, ASSAM",0.98656
2000-10,"GOLAGHAT, ASSAM",0.98655
2000-10,"KOHIMA, NAGALAND",0.98569
2000-10,"KARBI ANGLONG, ASSAM",0.98491
2000-10,"TUENSANG, NAGALAND",0.98361
2000-10,"NILGIRIS, TAMILNADU",0.98359
2000-10,"NORTH TRIPURA, TRIPURA",0.98279
2005-06,"NILGIRIS, TAMILNADU",0.98066
2005-06,"PHEK, NAGALAND",0.97991
2005-06,"SENAPATI, MANIPUR",0.97557
2005-06,"GOALPARA, ASSAM",0.97496
2005-06,"KARGIL, JAMMU AND KASHMIR",0.97030
2005-06,"WAYANAD, KERALA",0.96862
2005-06,"JAINTIA HILLS, MEGHALAYA",0.96507
2005-06,"NORTH TRIPURA, TRIPURA",0.96500
2005-06,"DANGS, GUJARAT",0.96470
2005-06,"SHIMOGA, KARNATAKA",0.96325
2008-12,"BARAMULLA, JAMMU AND KASHMIR",0.99443
2008-12,"PULWAMA, JAMMU AND KASHMIR",0.99425
2008-12,"BADGAM, JAMMU AND KASHMIR",0.99393
2008-12,"PHEK, NAGALAND",0.97346
2008-12,"ANANTNAG, JAMMU AND KASHMIR",0.97290
2008-12,"KUPWARA, JAMMU AND KASHMIR",0.96998
2008-12,"SENAPATI, MANIPUR",0.96350
2008-12,"DINDIGUL, TAMILNADU",0.96277
2008-12,"KARGIL, JAMMU AND KASHMIR",0.95951
2008-12,"MON, NAGALAND",0.95230
2000-03,"PHEK, NAGALAND",0.98557
2000-03,"UPPER SIANG, ARUNACHAL PRADESH",0.98101
2000-03,"SENAPATI, MANIPUR",0.98058
2000-03,"UPPER SUBANSIRI, ARUNACHAL PRADESH",0.97686
2000-03,"WEST SIANG, ARUNACHAL PRADESH",0.97272
2000-03,"KOHIMA, NAGALAND",0.96018
2000-03,"BARAMULLA, JAMMU AND KASHMIR",0.95735
2000-03,"JAINTIA HILLS, MEGHALAYA",0.94459
2000-03,"N.C.HILLS, ASSAM",0.94198
2000-03,"TAWANG, ARUNACHAL PRADESH",0.93104
2001-08,"NILGIRIS, TAMILNADU",0.98472
2001-08,"PHEK, NAGALAND",0.98208
2001-08,"SENAPATI, MANIPUR",0.97891
2001-08,"JAINTIA HILLS, MEGHALAYA",0.97879
2001-08,"WAYANAD, KERALA",0.97851
2001-08,"MON, NAGALAND",0.97814
2001-08,"GOALPARA, ASSAM",0.97688
2001-08,"KODAGU, KARNATAKA",0.97680
2001-08,"UPPER SUBANSIRI, ARUNACHAL PRADESH",0.97641
2001-08,"N.C.HILLS, ASSAM",0.97438
2004-06,"PHEK, NAGALAND",0.98452
2004-06,"NILGIRIS, TAMILNADU",0.98411
2004-06,"SENAPATI, MANIPUR",0.98306
2004-06,"MON, NAGALAND",0.98213
2004-06,"N.C.HILLS, ASSAM",0.98208
2004-06,"GOLAGHAT, ASSAM",0.98109
2004-06,"JAINTIA HILLS, MEGHALAYA",0.98073
2004-06,"KOHIMA, NAGALAND",0.98032
2004-06,"UPPER SUBANSIRI, ARUNACHAL PRADESH",0.97978
2004-06,"KARBI ANGLONG, ASSAM",0.97776
2007-01,"PULWAMA, JAMMU AND KASHMIR",0.98612
2007-01,"PHEK, NAGALAND",0.96198
2007-01,"DINDIGUL, TAMILNADU",0.94256
2007-01,"KARGIL, JAMMU AND KASHMIR",0.93459
2007-01,"MON, NAGALAND",0.92715
2007-01,"SENAPATI, MANIPUR",0.91490
2007-01,"BARAMULLA, JAMMU AND KASHMIR",0.90921
2007-01,"WEST SIANG, ARUNACHAL PRADESH",0.90687
2007-01,"BADGAM, JAMMU AND KASHMIR",0.90136
2007-01,"THENI, TAMILNADU",0.89677
2003-05,"MON, NAGALAND",0.98341
2003-05,"PHEK, NAGALAND",0.98269
2003-05,"SENAPATI, MANIPUR",0.98032
2003-05,"KARBI ANGLONG, ASSAM",0.97559
2003-05,"GOLAGHAT, ASSAM",0.97288
2003-05,"KOHIMA, NAGALAND",0.97041
2003-05,"CHURACHANDPUR, MANIPUR",0.96884
2003-05,"NILGIRIS, TAMILNADU",0.96731
2003-05,"N.C.HILLS, ASSAM",0.96414
2003-05,"TUENSANG, NAGALAND",0.96180
2007-02,"BARAMULLA, JAMMU AND KASHMIR",0.99573
2007-02,"PULWAMA, JAMMU AND KASHMIR",0.99554
2007-02,"BADGAM, JAMMU AND KASHMIR",0.99542
2007-02,"PHEK, NAGALAND",0.98905
2007-02,"SENAPATI, MANIPUR",0.98695
2007-02,"UPPER SUBANSIRI, ARUNACHAL PRADESH",0.98465
2007-02,"KARBI ANGLONG, ASSAM",0.98166
2007-02,"ANANTNAG, JAMMU AND KASHMIR",0.98071
2007-02,"GOLAGHAT, ASSAM",0.97937
2007-02,"KINNAUR, HIMACHAL PRADESH",0.97551
2002-08,"SENAPATI, MANIPUR",0.98452
2002-08,"PHEK, NAGALAND",0.98407
2002-08,"NILGIRIS, TAMILNADU",0.98374
2002-08,"MON, NAGALAND",0.98257
2002-08,"NORTH TRIPURA, TRIPURA",0.98071
2002-08,"GOALPARA, ASSAM",0.97953
2002-08,"TUENSANG, NAGALAND",0.97839
2002-08,"WAYANAD, KERALA",0.97752
2002-08,"GOLAGHAT, ASSAM",0.97678
2002-08,"TIRAP, ARUNACHAL PRADESH",0.97652
2006-11,"PHEK, NAGALAND",0.98685
2006-11,"SENAPATI, MANIPUR",0.98581
2006-11,"NILGIRIS, TAMILNADU",0.98299
2006-11,"PULWAMA, JAMMU AND KASHMIR",0.97451
2006-11,"UPPER SUBANSIRI, ARUNACHAL PRADESH",0.97286
2006-11,"NAWAPARA, ORISSA",0.96922
2006-11,"HASSAN, KARNATAKA",0.96830
2006-11,"HYDERABAD, TELANGANA",0.96692
2006-11,"KALAHANDI, ORISSA",0.96652
2006-11,"NAWARANGPUR, ORISSA",0.96594
2012-06,"KARGIL, JAMMU AND KASHMIR",0.98624
2012-06,"PHEK, NAGALAND",0.98414
2012-06,"N.C.HILLS, ASSAM",0.98375
2012-06,"GOLAGHAT, ASSAM",0.98225
2012-06,"NALBARI, ASSAM",0.98150
2012-06,"MON, NAGALAND",0.98146
2012-06,"KARBI ANGLONG, ASSAM",0.98104
2012-06,"JORHAT, ASSAM",0.98091
2012-06,"KARIMGANJ, ASSAM",0.98076
2012-06,"SENAPATI, MANIPUR",0.98025
2013-07,"PULWAMA, JAMMU AND KASHMIR",0.99265
2013-07,"WEST KAMENG, ARUNACHAL PRADESH",0.98806
2013-07,"N.C.HILLS, ASSAM",0.98561
2013-07,"DIBANG VALLEY, ARUNACHAL PRADESH",0.98329
2013-07,"PHEK, NAGALAND",0.98270
2013-07,"EAST SIANG, ARUNACHAL PRADESH",0.98252
2013-07,"SENAPATI, MANIPUR",0.98062
2013-07,"NALBARI, ASSAM",0.97946
2013-07,"MON, NAGALAND",0.97941
2013-07,"GOLAGHAT, ASSAM",0.97918
2003-03,"BARAMULLA, JAMMU AND KASHMIR",0.99456
2003-03,"PULWAMA, JAMMU AND KASHMIR",0.99442
2003-03,"BADGAM, JAMMU AND KASHMIR",0.99383
2003-03,"KUPWARA, JAMMU AND KASHMIR",0.98852
2003-03,"ANANTNAG, JAMMU AND KASHMIR",0.98494
2003-03,"KARBI ANGLONG, ASSAM",0.97726
2003-03,"PHEK, NAGALAND",0.96452
2003-03,"KARGIL, JAMMU AND KASHMIR",0.96393
2003-03,"KINNAUR, HIMACHAL PRADESH",0.95947
2003-03,"GOLAGHAT, ASSAM",0.95908
2009-11,"BARAMULLA, JAMMU AND KASHMIR",0.99503
2009-11,"UPPER SIANG, ARUNACHAL PRADESH",0.98849
2009-11,"SENAPATI, MANIPUR",0.98819
2009-11,"PHEK, NAGALAND",0.98779
2009-11,"UPPER SUBANSIRI, ARUNACHAL PRADESH",0.98655
2009-11,"MON, NAGALAND",0.98627
2009-11,"KARBI ANGLONG, ASSAM",0.98492
2009-11,"GOLAGHAT, ASSAM",0.98456
2009-11,"NILGIRIS, TAMILNADU",0.98253
2009-11,"PAPAMPARE, ARUNACHAL PRADESH",0.97914
2000-04,"PHEK, NAGALAND",0.98740
2000-04,"SENAPATI, MANIPUR",0.98670
2000-04,"MON, NAGALAND",0.98463
2000-04,"N.C.HILLS, ASSAM",0.98416
2000-04,"KOHIMA, NAGALAND",0.98378
2000-04,"GOLAGHAT, ASSAM",0.98308
2000-04,"KARBI ANGLONG, ASSAM",0.98216
2000-04,"KARGIL, JAMMU AND KASHMIR",0.97469
2000-04,"UPPER SIANG, ARUNACHAL PRADESH",0.97337
2000-04,"TUENSANG, NAGALAND",0.97057
2000-11,"NILGIRIS, TAMILNADU",0.98054
2000-11,"MON, NAGALAND",0.98001
2000-11,"PHEK, NAGALAND",0.97775
2000-11,"DINDIGUL, TAMILNADU",0.96484
2000-11,"WAYANAD, KERALA",0.96194
2000-11,"SENAPATI, MANIPUR",0.95750
2000-11,"PALAKKAD, KERALA",0.95447
2000-11,"UPPER SUBANSIRI, ARUNACHAL PRADESH",0.95125
2000-11,"CHAMARAJANAGA, KARNATAKA",0.94628
2000-11,"MORIGAON, ASSAM",0.94519
2006-01,"BADGAM, JAMMU AND KASHMIR",0.99562
2006-01,"BARAMULLA, JAMMU AND KASHMIR",0.99529
2006-01,"PULWAMA, JAMMU AND KASHMIR",0.99364
2006-01,"KINNAUR, HIMACHAL PRADESH",0.96045
2006-01,"KUPWARA, JAMMU AND KASHMIR",0.95388
2006-01,"ANANTNAG, JAMMU AND KASHMIR",0.95111
2006-01,"DINDIGUL, TAMILNADU",0.95108
2006-01,"KARGIL, JAMMU AND KASHMIR",0.93395
2006-01,"CHITTOR, ANDHRA PRADESH",0.93037
2006-01,"THIRUVALLUR, TAMILNADU",0.92642
2012-09,"WEST KAMENG, ARUNACHAL PRADESH",0.98815
2012-09,"N.C.HILLS, ASSAM",0.98641
2012-09,"PHEK, NAGALAND",0.98595
2012-09,"PULWAMA, JAMMU AND KASHMIR",0.98530
2012-09,"DIBANG VALLEY, ARUNACHAL PRADESH",0.98473
2012-09,"TUENSANG, NAGALAND",0.98377
2012-09,"MON, NAGALAND",0.98374
2012-09,"EAST SIANG, ARUNACHAL PRADESH",0.98372
2012-09,"EAST KAMENG, ARUNACHAL PRADESH",0.98322
2012-09,"GOLAGHAT, ASSAM",0.98320
2011-08,"PULWAMA, JAMMU AND KASHMIR",0.98917
2011-08,"N.C.HILLS, ASSAM",0.98594
2011-08,"PHEK, NAGALAND",0.98401
2011-08,"KARIMGANJ, ASSAM",0.98302
2011-08,"SENAPATI, MANIPUR",0.98287
2011-08,"WEST KAMENG, ARUNACHAL PRADESH",0.98137
2011-08,"HAVERI, KARNATAKA",0.98020
2011-08,"CHURACHANDPUR, MANIPUR",0.97974
2011-08,"MON, NAGALAND",0.97963
2011-08,"GOLAGHAT, ASSAM",0.97943
2002-02,"BARAMULLA, JAMMU AND KASHMIR",0.99540
2002-02,"PULWAMA, JAMMU AND KASHMIR",0.99216
2002-02,"BADGAM, JAMMU AND KASHMIR",0.98822
2002-02,"DINDIGUL, TAMILNADU",0.96552
2002-02,"KUPWARA, JAMMU AND KASHMIR",0.95188
2002-02,"ANANTNAG, JAMMU AND KASHMIR",0.94186
2002-02,"UPPER SIANG, ARUNACHAL PRADESH",0.94076
2002-02,"KARGIL, JAMMU AND KASHMIR",0.93777
2002-02,"KINNAUR, HIMACHAL PRADESH",0.92920
2002-02,"KURUKSHTRA, HARYANA",0.91747
2007-10,"PHEK, NAGALAND",0.98772
2007-10,"MON, NAGALAND",0.98704
2007-10,"SENAPATI, MANIPUR",0.98671
2007-10,"TUENSANG, NAGALAND",0.98509
2007-10,"KARBI ANGLONG, ASSAM",0.98427
2007-10,"GOLAGHAT, ASSAM",0.98350
2007-10,"N.C.HILLS, ASSAM",0.98350
2007-10,"NILGIRIS, TAMILNADU",0.98244
2007-10,"CHANGLANG, ARUNACHAL PRADESH",0.98231
2007-10,"TINSUKIA, ASSAM",0.98182
2002-10,"SENAPATI, MANIPUR",0.98866
2002-10,"PHEK, NAGALAND",0.98619
2002-10,"N.C.HILLS, ASSAM",0.98607
2002-10,"MON, NAGALAND",0.98422
2002-10,"NILGIRIS, TAMILNADU",0.98392
2002-10,"HAILAKANDI, ASSAM",0.98290
2002-10,"NORTH TRIPURA, TRIPURA",0.98270
2002-10,"AIZWAL, MIZORAM",0.98238
2002-10,"KARBI ANGLONG, ASSAM",0.98192
2002-10,"CACHAR, ASSAM",0.98179
2005-04,"KARGIL, JAMMU AND KASHMIR",0.97718
2005-04,"UPPER SUBANSIRI, ARUNACHAL PRADESH",0.96132
2005-04,"NILGIRIS, TAMILNADU",0.95542
2005-04,"BARAMULLA, JAMMU AND KASHMIR",0.94483
2005-04,"UPPER SIANG, ARUNACHAL PRADESH",0.93824
2005-04,"WEST SIANG, ARUNACHAL PRADESH",0.93223
2005-04,"EAST SIANG, ARUNACHAL PRADESH",0.93132
2005-04,"MON, NAGALAND",0.92682
2005-04,"LADAKH, LADAKH",0.92372
2005-04,"GOLAGHAT, ASSAM",0.92001
2006-12,"PULWAMA, JAMMU AND KASHMIR",0.99502
2006-12,"BARAMULLA, JAMMU AND KASHMIR",0.99489
2006-12,"BADGAM, JAMMU AND KASHMIR",0.99446
2006-12,"ANANTNAG, JAMMU AND KASHMIR",0.98249
2006-12,"PHEK, NAGALAND",0.98248
2006-12,"GOLAGHAT, ASSAM",0.97760
2006-12,"KUPWARA, JAMMU AND KASHMIR",0.97189
2006-12,"KINNAUR, HIMACHAL PRADESH",0.96449
2006-12,"MON, NAGALAND",0.95961
2006-12,"DODA, JAMMU AND KASHMIR",0.95785
2011-04,"PULWAMA, JAMMU AND KASHMIR",0.98494
2011-04,"EAST SIANG, ARUNACHAL PRADESH",0.98302
2011-04,"KARGIL, JAMMU AND KASHMIR",0.97982
2011-04,"PHEK, NAGALAND",0.97862
2011-04,"BARAMULLA, JAMMU AND KASHMIR",0.97272
2011-04,"GOLAGHAT, ASSAM",0.97077
2011-04,"UPPER SIANG, ARUNACHAL PRADESH",0.96001
2011-04,"SENAPATI, MANIPUR",0.95926
2011-04,"MON, NAGALAND",0.95745
2011-04,"DIBANG VALLEY, ARUNACHAL PRADESH",0.95463
2004-01,"BARAMULLA, JAMMU AND KASHMIR",0.99549
2004-01,"BADGAM, JAMMU AND KASHMIR",0.99415
2004-01,"PULWAMA, JAMMU AND KASHMIR",0.99344
2004-01,"GOLAGHAT, ASSAM",0.98528
2004-01,"KARBI ANGLONG, ASSAM",0.97514
2004-01,"PHEK, NAGALAND",0.95792
2004-01,"KAPURTHALA, PUNJAB",0.95350
2004-01,"RAYAGADA, ORISSA",0.95341
2004-01,"ANANTNAG, JAMMU AND KASHMIR",0.95249
2004-01,"KUPWARA, JAMMU AND KASHMIR",0.95110
2011-09,"PHEK, NAGALAND",0.98527
2011-09,"MON, NAGALAND",0.98462
2011-09,"WEST KAMENG, ARUNACHAL PRADESH",0.98319
2011-09,"JORHAT, ASSAM",0.98244
2011-09,"KARIMGANJ, ASSAM",0.98122
2011-09,"TUENSANG, NAGALAND",0.98076
2011-09,"SIBSAGAR, ASSAM",0.98017
2011-09,"DANGS, GUJARAT",0.97918
2011-09,"NALBARI, ASSAM",0.97898
2011-09,"NILGIRIS, TAMILNADU",0.97864
2003-08,"NILGIRIS, TAMILNADU",0.98448
2003-08,"PHEK, NAGALAND",0.98299
2003-08,"MON, NAGALAND",0.98135
2003-08,"SENAPATI, MANIPUR",0.98071
2003-08,"KARBI ANGLONG, ASSAM",0.98030
2003-08,"GOLAGHAT, ASSAM",0.97972
2003-08,"KOHIMA, NAGALAND",0.97763
2003-08,"CHURACHANDPUR, MANIPUR",0.97694
2003-08,"WAYANAD, KERALA",0.97675
2003-08,"BADGAM, JAMMU AND KASHMIR",0.97634
2013-08,"PULWAMA, JAMMU AND KASHMIR",0.99292
2013-08,"WEST KAMENG, ARUNACHAL PRADESH",0.98547
2013-08,"N.C.HILLS, ASSAM",0.98422
2013-08,"PHEK, NAGALAND",0.98406
2013-08,"SENAPATI, MANIPUR",0.98257
2013-08,"MON, NAGALAND",0.98249
2013-08,"DIBANG VALLEY, ARUNACHAL PRADESH",0.98186
2013-08,"EAST SIANG, ARUNACHAL PRADESH",0.98159
2013-08,"GOLAGHAT, ASSAM",0.98157
2013-08,"NALBARI, ASSAM",0.98143
2002-01,"PULWAMA, JAMMU AND KASHMIR",0.98936
2002-01,"PHEK, NAGALAND",0.97813
2002-01,"BADGAM, JAMMU AND KASHMIR",0.97575
2002-01,"BARAMULLA, JAMMU AND KASHMIR",0.97207
2002-01,"KARBI ANGLONG, ASSAM",0.96890
2002-01,"MON, NAGALAND",0.96128
2002-01,"GOLAGHAT, ASSAM",0.95911
2002-01,"UPPER SIANG, ARUNACHAL PRADESH",0.95757
2002-01,"UPPER SUBANSIRI, ARUNACHAL PRADESH",0.95183
2002-01,"KINNAUR, HIMACHAL PRADESH",0.95134
2011-07,"PULWAMA, JAMMU AND KASHMIR",0.99262
2011-07,"WEST KAMENG, ARUNACHAL PRADESH",0.98746
2011-07,"N.C.HILLS, ASSAM",0.98424
2011-07,"MON, NAGALAND",0.98363
2011-07,"PHEK, NAGALAND",0.98361
2011-07,"GOLAGHAT, ASSAM",0.98303
2011-07,"TUENSANG, NAGALAND",0.98221
2011-07,"JORHAT, ASSAM",0.98207
2011-07,"KARBI ANGLONG, ASSAM",0.98192
2011-07,"SENAPATI, MANIPUR",0.98140
2011-10,"GOLAGHAT, ASSAM",0.98539
2011-10,"MON, NAGALAND",0.98409
2011-10,"CHHIMTUIPUI, MIZORAM",0.98396
2011-10,"TIRAP, ARUNACHAL PRADESH",0.98376
2011-10,"PHEK, NAGALAND",0.98354
2011-10,"N.C.HILLS, ASSAM",0.98189
2011-10,"KARBI ANGLONG, ASSAM",0.98116
2011-10,"TINSUKIA, ASSAM",0.97884
2011-10,"KOHIMA, NAGALAND",0.97871
2011-10,"KARIMGANJ, ASSAM",0.97744
2004-12,"PHEK, NAGALAND",0.99089
2004-12,"BARAMULLA, JAMMU AND KASHMIR",0.98581
2004-12,"PULWAMA, JAMMU AND KASHMIR",0.98106
2004-12,"SENAPATI, MANIPUR",0.97564
2004-12,"GOLAGHAT, ASSAM",0.96327
2004-12,"MON, NAGALAND",0.96289
2004-12,"UPPER SUBANSIRI, ARUNACHAL PRADESH",0.96122
2004-12,"BADGAM, JAMMU AND KASHMIR",0.95989
2004-12,"KARGIL, JAMMU AND KASHMIR",0.94733
2004-12,"DINDIGUL, TAMILNADU",0.94470
2008-11,"NILGIRIS, TAMILNADU",0.97252
2008-11,"MON, NAGALAND",0.96841
2008-11,"DINDIGUL, TAMILNADU",0.96399
2008-11,"BANGALORE URBA, KARNATAKA",0.96275
2008-11,"KRISHNAGIRI, TAMILNADU",0.96129
2008-11,"PHEK, NAGALAND",0.95868
2008-11,"CHITTOR, ANDHRA PRADESH",0.95786
2008-11,"CHAMARAJANAGA, KARNATAKA",0.95728
2008-11,"HASSAN, KARNATAKA",0.95600
2008-11,"BANGALORE RURAL, KARNATAKA",0.95527
2004-03,"KARGIL, JAMMU AND KASHMIR",0.95239
2004-03,"MON, NAGALAND",0.93513
2004-03,"UPPER SUBANSIRI, ARUNACHAL PRADESH",0.92629
2004-03,"HASSAN, KARNATAKA",0.91143
2004-03,"UPPER SIANG, ARUNACHAL PRADESH",0.91011
2004-03,"WEST SIANG, ARUNACHAL PRADESH",0.89992
2004-03,"WAYANAD, KERALA",0.89959
2004-03,"LADAKH, LADAKH",0.89773
2004-03,"EAST SIANG, ARUNACHAL PRADESH",0.89765
2004-03,"PHEK, NAGALAND",0.89505
2004-08,"NILGIRIS, TAMILNADU",0.98475
2004-08,"PHEK, NAGALAND",0.98152
2004-08,"SENAPATI, MANIPUR",0.98149
2004-08,"MON, NAGALAND",0.97940
2004-08,"WAYANAD, KERALA",0.97765
2004-08,"PAPAMPARE, ARUNACHAL PRADESH",0.97624
2004-08,"DANGS, GUJARAT",0.97618
2004-08,"KODAGU, KARNATAKA",0.97551
2004-08,"LOHARDAGA, JHARKHAND",0.97477
2004-08,"LAKHIMPUR, ASSAM",0.97194
2001-02,"KARBI ANGLONG, ASSAM",0.97693
2001-02,"MON, NAGALAND",0.96848
2001-02,"GOLAGHAT, ASSAM",0.96422
2001-02,"UPPER SIANG, ARUNACHAL PRADESH",0.96128
2001-02,"PHEK, NAGALAND",0.96033
2001-02,"KARIMGANJ, ASSAM",0.95693
2001-02,"UPPER SUBANSIRI, ARUNACHAL PRADESH",0.95557
2001-02,"BARAMULLA, JAMMU AND KASHMIR",0.95520
2001-02,"JAINTIA HILLS, MEGHALAYA",0.95196
2001-02,"KOHIMA, NAGALAND",0.94998
2009-12,"PAPAMPARE, ARUNACHAL PRADESH",0.99057
2009-12,"UPPER SIANG, ARUNACHAL PRADESH",0.98932
2009-12,"UPPER SUBANSIRI, ARUNACHAL PRADESH",0.98858
2009-12,"MON, NAGALAND",0.98397
2009-12,"EAST KAMENG, ARUNACHAL PRADESH",0.97954
2009-12,"PHEK, NAGALAND",0.97878
2009-12,"GOLAGHAT, ASSAM",0.97661
2009-12,"BARAMULLA, JAMMU AND KASHMIR",0.97651
2009-12,"WEST SIANG, ARUNACHAL PRADESH",0.97627
2009-12,"SENAPATI, MANIPUR",0.96642
2003-09,"PHEK, NAGALAND",0.98422
2003-09,"SENAPATI, MANIPUR",0.98332
2003-09,"MON, NAGALAND",0.98274
2003-09,"NILGIRIS, TAMILNADU",0.98084
2003-09,"UMARIA, MADHAYA PRADESH",0.97691
2003-09,"WAYANAD, KERALA",0.97550
2003-09,"GOALPARA, ASSAM",0.97474
2003-09,"SHAHDOL, MADHAYA PRADESH",0.97404
2003-09,"KOHIMA, NAGALAND",0.97137
2003-09,"SEONI, MADHAYA PRADESH",0.97087
2000-06,"NILGIRIS, TAMILNADU",0.98434
2000-06,"UPPER SIANG, ARUNACHAL PRADESH",0.98400
2000-06,"UPPER SUBANSIRI, ARUNACHAL PRADESH",0.98366
2000-06,"SENAPATI, MANIPUR",0.98314
2000-06,"PHEK, NAGALAND",0.98252
2000-06,"JAINTIA HILLS, MEGHALAYA",0.97964
2000-06,"MON, NAGALAND",0.97846
2000-06,"WAYANAD, KERALA",0.97578
2000-06,"KARBI ANGLONG, ASSAM",0.97461
2000-06,"KODAGU, KARNATAKA",0.97461
2007-06,"PHEK, NAGALAND",0.98405
2007-06,"SENAPATI, MANIPUR",0.98401
2007-06,"NILGIRIS, TAMILNADU",0.98394
2007-06,"KARBI ANGLONG, ASSAM",0.98303
2007-06,"KARGIL, JAMMU AND KASHMIR",0.98276
2007-06,"GOLAGHAT, ASSAM",0.98130
2007-06,"N.C.HILLS, ASSAM",0.98129
2007-06,"MON, NAGALAND",0.98096
2007-06,"JAINTIA HILLS, MEGHALAYA",0.98094
2007-06,"UPPER SUBANSIRI, ARUNACHAL PRADESH",0.97830
2008-07,"NILGIRIS, TAMILNADU",0.98422
2008-07,"SENAPATI, MANIPUR",0.98360
2008-07,"UPPER SUBANSIRI, ARUNACHAL PRADESH",0.98325
2008-07,"PHEK, NAGALAND",0.98223
2008-07,"MON, NAGALAND",0.98168
2008-07,"PAPAMPARE, ARUNACHAL PRADESH",0.98092
2008-07,"WEST KAMENG, ARUNACHAL PRADESH",0.97975
2008-07,"N.C.HILLS, ASSAM",0.97929
2008-07,"JAINTIA HILLS, MEGHALAYA",0.97846
2008-07,"UPPER SIANG, ARUNACHAL PRADESH",0.97709
2010-05,"BARAMULLA, JAMMU AND KASHMIR",0.99163
2010-05,"SENAPATI, MANIPUR",0.98536
2010-05,"PHEK, NAGALAND",0.98502
2010-05,"MON, NAGALAND",0.98444
2010-05,"UPPER SUBANSIRI, ARUNACHAL PRADESH",0.98444
2010-05,"N.C.HILLS, ASSAM",0.98226
2010-05,"UPPER SIANG, ARUNACHAL PRADESH",0.98177
2010-05,"KARBI ANGLONG, ASSAM",0.98124
2010-05,"KOHIMA, NAGALAND",0.98022
2010-05,"GOLAGHAT, ASSAM",0.98018
2003-11,"PULWAMA, JAMMU AND KASHMIR",0.99333
2003-11,"MON, NAGALAND",0.98341
2003-11,"NILGIRIS, TAMILNADU",0.98037
2003-11,"WAYANAD, KERALA",0.97154
2003-11,"DINDIGUL, TAMILNADU",0.97024
2003-11,"BARAMULLA, JAMMU AND KASHMIR",0.96765
2003-11,"PHEK, NAGALAND",0.96227
2003-11,"PALAKKAD, KERALA",0.96200
2003-11,"UPPER SUBANSIRI, ARUNACHAL PRADESH",0.95279
2003-11,"PAPAMPARE, ARUNACHAL PRADESH",0.95079
2009-09,"UPPER SIANG, ARUNACHAL PRADESH",0.98576
2009-09,"UPPER SUBANSIRI, ARUNACHAL PRADESH",0.98558
2009-09,"PHEK, NAGALAND",0.98479
2009-09,"SENAPATI, MANIPUR",0.98457
2009-09,"NILGIRIS, TAMILNADU",0.98398
2009-09,"MON, NAGALAND",0.98339
2009-09,"KOHIMA, NAGALAND",0.98312
2009-09,"N.C.HILLS, ASSAM",0.98311
2009-09,"WAYANAD, KERALA",0.98033
2009-09,"KARBI ANGLONG, ASSAM",0.97983
2011-02,"KUPWARA, JAMMU AND KASHMIR",0.99664
2011-02,"PULWAMA, JAMMU AND KASHMIR",0.99331
2011-02,"EAST SIANG, ARUNACHAL PRADESH",0.98689
2011-02,"BARAMULLA, JAMMU AND KASHMIR",0.98508
2011-02,"DIBANG VALLEY, ARUNACHAL PRADESH",0.97963
2011-02,"PITHORGARH, UTTARAKHAND",0.97154
2011-02,"PHEK, NAGALAND",0.95554
2011-02,"KARGIL, JAMMU AND KASHMIR",0.95431
2011-02,"KAITHAL, HARYANA",0.95249
2011-02,"SANGRUR, PUNJAB",0.94957
2011-06,"N.C.HILLS, ASSAM",0.98540
2011-06,"PHEK, NAGALAND",0.98374
2011-06,"GOLAGHAT, ASSAM",0.98316
2011-06,"KARIMGANJ, ASSAM",0.98314
2011-06,"KARBI ANGLONG, ASSAM",0.98309
2011-06,"MON, NAGALAND",0.98150
2011-06,"DHUBRI, ASSAM",0.98009
2011-06,"CHURACHANDPUR, MANIPUR",0.97980
2011-06,"SENAPATI, MANIPUR",0.97910
2011-06,"GOALPARA, ASSAM",0.97882
2009-05,"BARAMULLA, JAMMU AND KASHMIR",0.98446
2009-05,"PHEK, NAGALAND",0.98437
2009-05,"MON, NAGALAND",0.98292
2009-05,"UPPER SIANG, ARUNACHAL PRADESH",0.98257
2009-05,"SENAPATI, MANIPUR",0.98189
2009-05,"UPPER SUBANSIRI, ARUNACHAL PRADESH",0.97848
2009-05,"N.C.HILLS, ASSAM",0.97626
2009-05,"KARBI ANGLONG, ASSAM",0.97605
2009-05,"GOALPARA, ASSAM",0.97583
2009-05,"JAINTIA HILLS, MEGHALAYA",0.97549
2013-03,"EAST SIANG, ARUNACHAL PRADESH",0.98253
2013-03,"PULWAMA, JAMMU AND KASHMIR",0.97951
2013-03,"DIBANG VALLEY, ARUNACHAL PRADESH",0.97948
2013-03,"UPPER SIANG, ARUNACHAL PRADESH",0.96959
2013-03,"DINDIGUL, TAMILNADU",0.96395
2013-03,"KARGIL, JAMMU AND KASHMIR",0.95865
2013-03,"JORHAT, ASSAM",0.95601
2013-03,"BARAMULLA, JAMMU AND KASHMIR",0.95487
2013-03,"WEST KAMENG, ARUNACHAL PRADESH",0.95441
2013-03,"UPPER SUBANSIRI, ARUNACHAL PRADESH",0.94984
2007-03,"PULWAMA, JAMMU AND KASHMIR",0.99539
2007-03,"BADGAM, JAMMU AND KASHMIR",0.99528
2007-03,"BARAMULLA, JAMMU AND KASHMIR",0.99464
2007-03,"ANANTNAG, JAMMU AND KASHMIR",0.97363
2007-03,"KARBI ANGLONG, ASSAM",0.96790
2007-03,"KINNAUR, HIMACHAL PRADESH",0.96311
2007-03,"KUPWARA, JAMMU AND KASHMIR",0.96256
2007-03,"GOLAGHAT, ASSAM",0.96241
2007-03,"LADAKH, LADAKH",0.95186
2007-03,"KARGIL, JAMMU AND KASHMIR",0.95124
2013-10,"PHEK, NAGALAND",0.98883
2013-10,"GOLAGHAT, ASSAM",0.98794
2013-10,"SENAPATI, MANIPUR",0.98712
2013-10,"MON, NAGALAND",0.98572
2013-10,"IMPHAL, MANIPUR",0.98569
2013-10,"CHURACHANDPUR, MANIPUR",0.98567
2013-10,"KARBI ANGLONG, ASSAM",0.98477
2013-10,"N.C.HILLS, ASSAM",0.98468
2013-10,"KOHIMA, NAGALAND",0.98452
2013-10,"TUENSANG, NAGALAND",0.98445
2001-07,"SENAPATI, MANIPUR",0.98402
2001-07,"NILGIRIS, TAMILNADU",0.98379
2001-07,"UPPER SUBANSIRI, ARUNACHAL PRADESH",0.98307
2001-07,"N.C.HILLS, ASSAM",0.98207
2001-07,"PHEK, NAGALAND",0.98180
2001-07,"WAYANAD, KERALA",0.98164
2001-07,"KARBI ANGLONG, ASSAM",0.98042
2001-07,"MON, NAGALAND",0.97948
2001-07,"JAINTIA HILLS, MEGHALAYA",0.97939
2001-07,"GOLAGHAT, ASSAM",0.97885
2003-04,"KARGIL, JAMMU AND KASHMIR",0.97348
2003-04,"SENAPATI, MANIPUR",0.96954
2003-04,"PHEK, NAGALAND",0.96644
2003-04,"KARBI ANGLONG, ASSAM",0.96247
2003-04,"UPPER SUBANSIRI, ARUNACHAL PRADESH",0.96082
2003-04,"GOLAGHAT, ASSAM",0.95871
2003-04,"GOALPARA, ASSAM",0.95861
2003-04,"BARAMULLA, JAMMU AND KASHMIR",0.95818
2003-04,"MON, NAGALAND",0.95638
2003-04,"JAINTIA HILLS, MEGHALAYA",0.94797
2010-12,"BADGAM, JAMMU AND KASHMIR",0.99696
2010-12,"BARAMULLA, JAMMU AND KASHMIR",0.99278
2010-12,"PULWAMA, JAMMU AND KASHMIR",0.99156
2010-12,"JAMMU, JAMMU AND KASHMIR",0.99117
2010-12,"PAPAMPARE, ARUNACHAL PRADESH",0.99067
2010-12,"KARBI ANGLONG, ASSAM",0.98926
2010-12,"PHEK, NAGALAND",0.98909
2010-12,"N.C.HILLS, ASSAM",0.98907
2010-12,"GOLAGHAT, ASSAM",0.98904
2010-12,"SENAPATI, MANIPUR",0.98875
2012-10,"WEST KAMENG, ARUNACHAL PRADESH",0.98703
2012-10,"N.C.HILLS, ASSAM",0.98631
2012-10,"PHEK, NAGALAND",0.98577
2012-10,"MON, NAGALAND",0.98518
2012-10,"GOLAGHAT, ASSAM",0.98506
2012-10,"SENAPATI, MANIPUR",0.98498
2012-10,"TUENSANG, NAGALAND",0.98450
2012-10,"KARBI ANGLONG, ASSAM",0.98446
2012-10,"KOHIMA, NAGALAND",0.98429
2012-10,"TIRAP, ARUNACHAL PRADESH",0.98354
2003-06,"SENAPATI, MANIPUR",0.98449
2003-06,"NILGIRIS, TAMILNADU",0.98447
2003-06,"PHEK, NAGALAND",0.98376
2003-06,"N.C.HILLS, ASSAM",0.98206
2003-06,"CHURACHANDPUR, MANIPUR",0.98056
2003-06,"JAINTIA HILLS, MEGHALAYA",0.98003
2003-06,"UPPER SUBANSIRI, ARUNACHAL PRADESH",0.97996
2003-06,"NORTH TRIPURA, TRIPURA",0.97995
2003-06,"GOALPARA, ASSAM",0.97976
2003-06,"AIZWAL, MIZORAM",0.97966
2003-10,"PHEK, NAGALAND",0.98584
2003-10,"MON, NAGALAND",0.98554
2003-10,"KARBI ANGLONG, ASSAM",0.98513
2003-10,"SENAPATI, MANIPUR",0.98505
2003-10,"GOALPARA, ASSAM",0.98466
2003-10,"GOLAGHAT, ASSAM",0.98445
2003-10,"N.C.HILLS, ASSAM",0.98386
2003-10,"TINSUKIA, ASSAM",0.98326
2003-10,"NILGIRIS, TAMILNADU",0.98271
2003-10,"CHANGLANG, ARUNACHAL PRADESH",0.98204
2005-08,"NILGIRIS, TAMILNADU",0.98359
2005-08,"SENAPATI, MANIPUR",0.98348
2005-08,"PHEK, NAGALAND",0.98270
2005-08,"MON, NAGALAND",0.97901
2005-08,"DANGS, GUJARAT",0.97684
2005-08,"JAINTIA HILLS, MEGHALAYA",0.97676
2005-08,"WAYANAD, KERALA",0.97675
2005-08,"KODAGU, KARNATAKA",0.97514
2005-08,"MORIGAON, ASSAM",0.97172
2005-08,"HAVERI, KARNATAKA",0.97141
2007-11,"MON, NAGALAND",0.98958
2007-11,"SENAPATI, MANIPUR",0.98928
2007-11,"N.C.HILLS, ASSAM",0.98813
2007-11,"KARBI ANGLONG, ASSAM",0.98752
2007-11,"PHEK, NAGALAND",0.98734
2007-11,"GOLAGHAT, ASSAM",0.98702
2007-11,"TIRAP, ARUNACHAL PRADESH",0.98644
2007-11,"CHANGLANG, ARUNACHAL PRADESH",0.98626
2007-11,"TINSUKIA, ASSAM",0.98619
2007-11,"KOHIMA, NAGALAND",0.98585
2011-12,"MON, NAGALAND",0.99201
2011-12,"PHEK, NAGALAND",0.98226
2011-12,"TIRAP, ARUNACHAL PRADESH",0.97809
2011-12,"TINSUKIA, ASSAM",0.96915
2011-12,"GOLAGHAT, ASSAM",0.96602
2011-12,"TUENSANG, NAGALAND",0.96243
2011-12,"CHHIMTUIPUI, MIZORAM",0.96198
2011-12,"DINDIGUL, TAMILNADU",0.96148
2011-12,"CHANGLANG, ARUNACHAL PRADESH",0.95067
2011-12,"KARBI ANGLONG, ASSAM",0.94923
2005-03,"BARAMULLA, JAMMU AND KASHMIR",0.99250
2005-03,"PULWAMA, JAMMU AND KASHMIR",0.98496
2005-03,"BADGAM, JAMMU AND KASHMIR",0.98462
2005-03,"SENAPATI, MANIPUR",0.98391
2005-03,"PHEK, NAGALAND",0.98178
2005-03,"GOLAGHAT, ASSAM",0.98097
2005-03,"KARBI ANGLONG, ASSAM",0.97488
2005-03,"NORTH TRIPURA, TRIPURA",0.97334
2005-03,"HAILAKANDI, ASSAM",0.97082
2005-03,"MON, NAGALAND",0.96947
2009-04,"BARAMULLA, JAMMU AND KASHMIR",0.98673
2009-04,"UPPER SUBANSIRI, ARUNACHAL PRADESH",0.98651
2009-04,"UPPER SIANG, ARUNACHAL PRADESH",0.97695
2009-04,"MON, NAGALAND",0.96590
2009-04,"PHEK, NAGALAND",0.96245
2009-04,"PULWAMA, JAMMU AND KASHMIR",0.95900
2009-04,"AIZWAL, MIZORAM",0.95528
2009-04,"SENAPATI, MANIPUR",0.95242
2009-04,"WEST SIANG, ARUNACHAL PRADESH",0.94886
2009-04,"KARGIL, JAMMU AND KASHMIR",0.94618
2009-03,"BARAMULLA, JAMMU AND KASHMIR",0.99298
2009-03,"PHEK, NAGALAND",0.98572
2009-03,"PULWAMA, JAMMU AND KASHMIR",0.98402
2009-03,"BADGAM, JAMMU AND KASHMIR",0.97876
2009-03,"UPPER SUBANSIRI, ARUNACHAL PRADESH",0.97838
2009-03,"UPPER SIANG, ARUNACHAL PRADESH",0.97553
2009-03,"SENAPATI, MANIPUR",0.97053
2009-03,"KARGIL, JAMMU AND KASHMIR",0.95970
2009-03,"MON, NAGALAND",0.95781
2009-03,"KOHIMA, NAGALAND",0.95114
2013-01,"MON, NAGALAND",0.98916
2013-01,"PULWAMA, JAMMU AND KASHMIR",0.98120
2013-01,"JORHAT, ASSAM",0.97170
2013-01,"TIRAP, ARUNACHAL PRADESH",0.97003
2013-01,"SIBSAGAR, ASSAM",0.96995
2013-01,"WEST KAMENG, ARUNACHAL PRADESH",0.96805
2013-01,"CHANDIGARH, CHANDIGARH",0.96559
2013-01,"GOLAGHAT, ASSAM",0.96488
2013-01,"KINNAUR, HIMACHAL PRADESH",0.96482
2013-01,"UNA, HIMACHAL PRADESH",0.96480
2002-07,"SENAPATI, MANIPUR",0.98341
2002-07,"PHEK, NAGALAND",0.98332
2002-07,"MON, NAGALAND",0.98287
2002-07,"N.C.HILLS, ASSAM",0.98179
2002-07,"KARBI ANGLONG, ASSAM",0.98166
2002-07,"GOLAGHAT, ASSAM",0.98117
2002-07,"NILGIRIS, TAMILNADU",0.97949
2002-07,"WEST KAMENG, ARUNACHAL PRADESH",0.97914
2002-07,"KOHIMA, NAGALAND",0.97908
2002-07,"GOALPARA, ASSAM",0.97894
2001-09,"NILGIRIS, TAMILNADU",0.98436
2001-09,"SENAPATI, MANIPUR",0.98400
2001-09,"PHEK, NAGALAND",0.98367
2001-09,"MON, NAGALAND",0.98226
2001-09,"MORIGAON, ASSAM",0.97766
2001-09,"JAINTIA HILLS, MEGHALAYA",0.97740
2001-09,"CHANGLANG, ARUNACHAL PRADESH",0.97681
2001-09,"TINSUKIA, ASSAM",0.97637
2001-09,"WAYANAD, KERALA",0.97629
2001-09,"TIRAP, ARUNACHAL PRADESH",0.97616
2008-01,"PULWAMA, JAMMU AND KASHMIR",0.99628
2008-01,"BARAMULLA, JAMMU AND KASHMIR",0.99605
2008-01,"BADGAM, JAMMU AND KASHMIR",0.99598
2008-01,"PHEK, NAGALAND",0.99081
2008-01,"SENAPATI, MANIPUR",0.99061
2008-01,"GOLAGHAT, ASSAM",0.98868
2008-01,"KARBI ANGLONG, ASSAM",0.98825
2008-01,"N.C.HILLS, ASSAM",0.98593
2008-01,"MON, NAGALAND",0.98355
2008-01,"KOHIMA, NAGALAND",0.98264
2002-05,"PHEK, NAGALAND",0.98578
2002-05,"SENAPATI, MANIPUR",0.98270
2002-05,"KOHIMA, NAGALAND",0.98198
2002-05,"NILGIRIS, TAMILNADU",0.98129
2002-05,"N.C.HILLS, ASSAM",0.97989
2002-05,"KARBI ANGLONG, ASSAM",0.97976
2002-05,"MON, NAGALAND",0.97914
2002-05,"GOLAGHAT, ASSAM",0.97806
2002-05,"WEST GARO HILLS, MEGHALAYA",0.97372
2002-05,"WAYANAD, KERALA",0.97350
2010-10,"SENAPATI, MANIPUR",0.98830
2010-10,"PHEK, NAGALAND",0.98820
2010-10,"MON, NAGALAND",0.98767
2010-10,"PULWAMA, JAMMU AND KASHMIR",0.98746
2010-10,"N.C.HILLS, ASSAM",0.98611
2010-10,"KARBI ANGLONG, ASSAM",0.98571
2010-10,"KOHIMA, NAGALAND",0.98531
2010-10,"GOLAGHAT, ASSAM",0.98525
2010-10,"TUENSANG, NAGALAND",0.98483
2010-10,"TINSUKIA, ASSAM",0.98392
2004-09,"PHEK, NAGALAND",0.98751
2004-09,"SENAPATI, MANIPUR",0.98725
2004-09,"N.C.HILLS, ASSAM",0.98411
2004-09,"MON, NAGALAND",0.98339
2004-09,"TUENSANG, NAGALAND",0.98218
2004-09,"KOHIMA, NAGALAND",0.98209
2004-09,"GOLAGHAT, ASSAM",0.98172
2004-09,"NORTH TRIPURA, TRIPURA",0.98163
2004-09,"HAILAKANDI, ASSAM",0.98061
2004-09,"KARBI ANGLONG, ASSAM",0.97972
2009-06,"UPPER SUBANSIRI, ARUNACHAL PRADESH",0.98486
2009-06,"NILGIRIS, TAMILNADU",0.98437
2009-06,"SENAPATI, MANIPUR",0.98394
2009-06,"PHEK, NAGALAND",0.98317
2009-06,"UPPER SIANG, ARUNACHAL PRADESH",0.98302
2009-06,"GOALPARA, ASSAM",0.98052
2009-06,"N.C.HILLS, ASSAM",0.98043
2009-06,"PAPAMPARE, ARUNACHAL PRADESH",0.97970
2009-06,"WEST KAMENG, ARUNACHAL PRADESH",0.97952
2009-06,"MON, NAGALAND",0.97899
2013-04,"EAST SIANG, ARUNACHAL PRADESH",0.98414
2013-04,"DIBANG VALLEY, ARUNACHAL PRADESH",0.97997
2013-04,"GOLAGHAT, ASSAM",0.97841
2013-04,"JORHAT, ASSAM",0.97708
2013-04,"KARBI ANGLONG, ASSAM",0.97488
2013-04,"KARGIL, JAMMU AND KASHMIR",0.97395
2013-04,"WEST KAMENG, ARUNACHAL PRADESH",0.97391
2013-04,"MON, NAGALAND",0.97336
2013-04,"PHEK, NAGALAND",0.97208
2013-04,"LOWER SUBANSIRI, ARUNACHAL PRADESH",0.97088
2012-03,"KUPWARA, JAMMU AND KASHMIR",0.97694
2012-03,"CHHIMTUIPUI, MIZORAM",0.96407
2012-03,"EAST SIANG, ARUNACHAL PRADESH",0.96067
2012-03,"KARGIL, JAMMU AND KASHMIR",0.95659
2012-03,"UPPER SUBANSIRI, ARUNACHAL PRADESH",0.94742
2012-03,"BARAMULLA, JAMMU AND KASHMIR",0.94705
2012-03,"UPPER SIANG, ARUNACHAL PRADESH",0.94305
2012-03,"PHEK, NAGALAND",0.93522
2012-03,"PULWAMA, JAMMU AND KASHMIR",0.93399
2012-03,"DIBANG VALLEY, ARUNACHAL PRADESH",0.91797
2007-04,"PHEK, NAGALAND",0.98900
2007-04,"SENAPATI, MANIPUR",0.98714
2007-04,"KARBI ANGLONG, ASSAM",0.98445
2007-04,"GOLAGHAT, ASSAM",0.98340
2007-04,"MON, NAGALAND",0.97921
2007-04,"KOHIMA, NAGALAND",0.97241
2007-04,"TUENSANG, NAGALAND",0.96790
2007-04,"GOALPARA, ASSAM",0.96245
2007-04,"UPPER SUBANSIRI, ARUNACHAL PRADESH",0.96151
2007-04,"PAPAMPARE, ARUNACHAL PRADESH",0.96083
2008-03,"NILGIRIS, TAMILNADU",0.97938
2008-03,"WAYANAD, KERALA",0.96461
2008-03,"DINDIGUL, TAMILNADU",0.95678
2008-03,"SHIMOGA, KARNATAKA",0.95652
2008-03,"CHAMARAJANAGA, KARNATAKA",0.95469
2008-03,"HASSAN, KARNATAKA",0.95443
2008-03,"BANGALORE URBA, KARNATAKA",0.95398
2008-03,"UPPER SUBANSIRI, ARUNACHAL PRADESH",0.95256
2008-03,"PALAKKAD, KERALA",0.95148
2008-03,"KODAGU, KARNATAKA",0.95037
2009-02,"BARAMULLA, JAMMU AND KASHMIR",0.99107
2009-02,"PULWAMA, JAMMU AND KASHMIR",0.98953
2009-02,"UPPER SUBANSIRI, ARUNACHAL PRADESH",0.98353
2009-02,"UPPER SIANG, ARUNACHAL PRADESH",0.98273
2009-02,"BADGAM, JAMMU AND KASHMIR",0.98156
2009-02,"KUPWARA, JAMMU AND KASHMIR",0.97067
2009-02,"JAMMU, JAMMU AND KASHMIR",0.96330
2009-02,"PAPAMPARE, ARUNACHAL PRADESH",0.95670
2009-02,"WEST SIANG, ARUNACHAL PRADESH",0.95426
2009-02,"EAST KAMENG, ARUNACHAL PRADESH",0.94429
2008-10,"SENAPATI, MANIPUR",0.98947
2008-10,"PHEK, NAGALAND",0.98920
2008-10,"MON, NAGALAND",0.98918
2008-10,"KARBI ANGLONG, ASSAM",0.98848
2008-10,"GOLAGHAT, ASSAM",0.98803
2008-10,"N.C.HILLS, ASSAM",0.98780
2008-10,"KOHIMA, NAGALAND",0.98764
2008-10,"TINSUKIA, ASSAM",0.98612
2008-10,"TUENSANG, NAGALAND",0.98572
2008-10,"GOALPARA, ASSAM",0.98516
2004-07,"SENAPATI, MANIPUR",0.98477
2004-07,"PHEK, NAGALAND",0.98434
2004-07,"MON, NAGALAND",0.98356
2004-07,"N.C.HILLS, ASSAM",0.98329
2004-07,"KARBI ANGLONG, ASSAM",0.98283
2004-07,"GOLAGHAT, ASSAM",0.98226
2004-07,"JAINTIA HILLS, MEGHALAYA",0.98195
2004-07,"KOHIMA, NAGALAND",0.98160
2004-07,"NILGIRIS, TAMILNADU",0.98109
2004-07,"WEST KAMENG, ARUNACHAL PRADESH",0.98106
2006-06,"SENAPATI, MANIPUR",0.98434
2006-06,"NILGIRIS, TAMILNADU",0.98374
2006-06,"PHEK, NAGALAND",0.98294
2006-06,"N.C.HILLS, ASSAM",0.97955
2006-06,"UPPER SUBANSIRI, ARUNACHAL PRADESH",0.97951
2006-06,"GOLAGHAT, ASSAM",0.97918
2006-06,"NORTH TRIPURA, TRIPURA",0.97870
2006-06,"KARBI ANGLONG, ASSAM",0.97645
2006-06,"KARGIL, JAMMU AND KASHMIR",0.97624
2006-06,"MON, NAGALAND",0.97609
