Month,District_State,TotalPrecipitation
2013-05,"KARIMGANJ, ASSAM",1721.21797
2013-05,"CACHAR, ASSAM",1681.03451
2013-05,"HAILAKANDI, ASSAM",1650.45621
2013-05,"N.C.HILLS, ASSAM",1607.66202
2013-05,"GOLAGHAT, ASSAM",1591.60402
2013-05,"EAST SIANG, ARUNACHAL PRADESH",1510.66110
2013-05,"CHURACHANDPUR, MANIPUR",1486.00214
2013-05,"DIBANG VALLEY, ARUNACHAL PRADESH",1400.60413
2013-05,"IMPHAL, MANIPUR",1372.34436
2013-05,"NORTH TRIPURA, TRIPURA",1326.00934
2009-07,"SOUTH GOA, GOA",1497.54904
2009-07,"PAPAMPARE, ARUNACHAL PRADESH",1475.82006
2009-07,"RATNAGIRI, MAHARASHTRA",1433.25180
2009-07,"SINDHUDURG, MAHARASHTRA",1408.25987
2009-07,"KANNUR, KERALA",1344.98603
2009-07,"KOLABA/RAIGARH, MAHARASHTRA",1318.71901
2009-07,"KASARGOD, KERALA",1305.05647
2009-07,"DAMAN, DAMAN AND DIU",1294.82282
2009-07,"MUMBAI CITY, MAHARASHTRA",1284.69496
2009-07,"KANARA NORTH, KARNATAKA",1243.82218
2002-11,"KARUR, TAMILNADU",525.05552
2002-11,"DINDIGUL, TAMILNADU",510.94797
2002-11,"THENI, TAMILNADU",506.33627
2002-11,"KANNIYAKUMARI, TAMILNADU",405.29308
2002-11,"RAMANATHAPURA, TAMILNADU",403.93431
2002-11,"THOOTHUKUDI, TAMILNADU",395.18850
2002-11,"THIRUVANANTHAP, KERALA",384.54206
2002-11,"PUDUKOTTAI, TAMILNADU",370.29248
2002-11,"BAY ISLANDS, ANDAMAN AND NICOBAR ISLANDS",369.61221
2002-11,"KOLLAM, KERALA",347.07928
2013-09,"KARIMGANJ, ASSAM",1902.71542
2013-09,"HAILAKANDI, ASSAM",1566.18009
2013-09,"CACHAR, ASSAM",1378.79628
2013-09,"WEST KAMENG, ARUNACHAL PRADESH",1326.28044
2013-09,"GOLAGHAT, ASSAM",1300.08521
2013-09,"NORTH TRIPURA, TRIPURA",1214.28367
2013-09,"KARBI ANGLONG, ASSAM",1193.54966
2013-09,"MON, NAGALAND",1193.50678
2013-09,"NALBARI, ASSAM",1129.19530
2013-09,"N.C.HILLS, ASSAM",1107.48541
2007-05,"MON, NAGALAND",637.89366
2007-05,"UPPER SUBANSIRI, ARUNACHAL PRADESH",581.87884
2007-05,"SENAPATI, MANIPUR",560.09332
2007-05,"PHEK, NAGALAND",550.06466
2007-05,"PAPAMPARE, ARUNACHAL PRADESH",543.03700
2007-05,"NORTH TRIPURA, TRIPURA",519.13579
2007-05,"NILGIRIS, TAMILNADU",493.65351
2007-05,"LAKSHADWEEP, LAKSHADWEEP",492.57458
2007-05,"LAKHIMPUR, ASSAM",489.55766
2007-05,"TIRAP, ARUNACHAL PRADESH",474.19564
2010-08,"BADGAM, JAMMU AND KASHMIR",1233.51908
2010-08,"MUMBAI CITY, MAHARASHTRA",1224.22111
2010-08,"ALMORA, UTTARAKHAND",1181.11275
2010-08,"PAPAMPARE, ARUNACHAL PRADESH",1147.05505
2010-08,"SOUTH GOA, GOA",1137.51070
2010-08,"MON, NAGALAND",1085.84242
2010-08,"KISHANGANJ, BIHAR",1081.65899
2010-08,"THANA, MAHARASHTRA",1074.13203
2010-08,"KOLABA/RAIGARH, MAHARASHTRA",1029.81406
2010-08,"DAMAN, DAMAN AND DIU",1029.01552
2008-02,"PULWAMA, JAMMU AND KASHMIR",259.50179
2008-02,"BARAMULLA, JAMMU AND KASHMIR",215.00844
2008-02,"BADGAM, JAMMU AND KASHMIR",212.83134
2008-02,"ANANTNAG, JAMMU AND KASHMIR",163.64192
2008-02,"THENI, TAMILNADU",160.97288
2008-02,"DINDIGUL, TAMILNADU",156.42417
2008-02,"SRINAGAR, JAMMU AND KASHMIR",151.96881
2008-02,"IDUKKI, KERALA",151.32538
2008-02,"UPPER SUBANSIRI, ARUNACHAL PRADESH",144.47623
2008-02,"ALAPPUZHA, KERALA",138.70097
2009-01,"PULWAMA, JAMMU AND KASHMIR",398.03117
2009-01,"BARAMULLA, JAMMU AND KASHMIR",349.32061
2009-01,"BADGAM, JAMMU AND KASHMIR",339.25351
2009-01,"SRINAGAR, JAMMU AND KASHMIR",219.50684
2009-01,"KUPWARA, JAMMU AND KASHMIR",202.99216
2009-01,"ANANTNAG, JAMMU AND KASHMIR",192.17863
2009-01,"DODA, JAMMU AND KASHMIR",145.80173
2009-01,"UPPER SUBANSIRI, ARUNACHAL PRADESH",122.00232
2009-01,"KARGIL, JAMMU AND KASHMIR",104.10320
2009-01,"UPPER SIANG, ARUNACHAL PRADESH",87.19283
2005-07,"SOUTH GOA, GOA",1637.75343
2005-07,"SINDHUDURG, MAHARASHTRA",1339.20225
2005-07,"KANARA NORTH, KARNATAKA",1319.99934
2005-07,"RATNAGIRI, MAHARASHTRA",1292.81940
2005-07,"UDUPI, KARNATAKA",1281.66782
2005-07,"KASARGOD, KERALA",1233.45048
2005-07,"NORTH GOA, GOA",1210.48240
2005-07,"THRISSUR, KERALA",1185.14455
2005-07,"SHIMOGA, KARNATAKA",1177.01047
2005-07,"KANARA SOUTH, KARNATAKA",1172.28896
2005-09,"THRISSUR, KERALA",752.14760
2005-09,"SOUTH GOA, GOA",715.27259
2005-09,"NORTH GOA, GOA",692.84933
2005-09,"KANNUR, KERALA",657.77292
2005-09,"KASARGOD, KERALA",633.57013
2005-09,"NORTH TRIPURA, TRIPURA",621.32234
2005-09,"ERNAKULAM, KERALA",620.63958
2005-09,"RATNAGIRI, MAHARASHTRA",604.48648
2005-09,"KANARA SOUTH, KARNATAKA",598.06007
2005-09,"WAYANAD, KERALA",582.25222
2000-05,"MON, NAGALAND",773.80485
2000-05,"NORTH TRIPURA, TRIPURA",760.11229
2000-05,"PHEK, NAGALAND",709.43190
2000-05,"KARBI ANGLONG, ASSAM",681.08193
2000-05,"GOLAGHAT, ASSAM",648.84825
2000-05,"SENAPATI, MANIPUR",636.64575
2000-05,"SOUTH GOA, GOA",635.42001
2000-05,"LAKSHADWEEP, LAKSHADWEEP",627.39143
2000-05,"HAILAKANDI, ASSAM",623.75563
2000-05,"LAKHIMPUR, ASSAM",618.77858
2001-12,"BAY ISLANDS, ANDAMAN AND NICOBAR ISLANDS",437.74030
2001-12,"THIRUVARUR, TAMILNADU",355.57332
2001-12,"NAGAPATTINAM, TAMILNADU",294.80921
2001-12,"TANJAVUR, TAMILNADU",287.77311
2001-12,"RAMANATHAPURA, TAMILNADU",266.11222
2001-12,"CHENNAI, TAMILNADU",241.44432
2001-12,"PUDUKOTTAI, TAMILNADU",237.64802
2001-12,"KARUR, TAMILNADU",221.33360
2001-12,"PUDUCHERRY, PUDUCHERRY",214.82259
2001-12,"THIRUVALLUR, TAMILNADU",211.47497
2013-12,"BAY ISLANDS, ANDAMAN AND NICOBAR ISLANDS",336.32804
2013-12,"THENI, TAMILNADU",137.74280
2013-12,"UPPER SIANG, ARUNACHAL PRADESH",124.58409
2013-12,"KARUR, TAMILNADU",105.69991
2013-12,"DINDIGUL, TAMILNADU",103.31439
2013-12,"PUDUKOTTAI, TAMILNADU",92.04375
2013-12,"KANPUR DEHAT, UTTAR PRADESH",90.38314
2013-12,"KANNIYAKUMARI, TAMILNADU",89.64443
2013-12,"HAMIRPUR, HIMACHAL PRADESH",89.35832
2013-12,"WEST SIANG, ARUNACHAL PRADESH",88.28172
2004-05,"THRISSUR, KERALA",915.76842
2004-05,"ALAPPUZHA, KERALA",875.45587
2004-05,"LAKSHADWEEP, LAKSHADWEEP",871.54369
2004-05,"KOTTAYAM, KERALA",749.14574
2004-05,"PATHANAMTHITTA, KERALA",739.43656
2004-05,"KASARGOD, KERALA",738.14854
2004-05,"MALAPPURAM, KERALA",730.75154
2004-05,"ERNAKULAM, KERALA",710.86953
2004-05,"NILGIRIS, TAMILNADU",658.13385
2004-05,"WAYANAD, KERALA",655.81594
2006-07,"RATNAGIRI, MAHARASHTRA",1484.05934
2006-07,"MUMBAI CITY, MAHARASHTRA",1384.37757
2006-07,"THANA, MAHARASHTRA",1349.91210
2006-07,"SINDHUDURG, MAHARASHTRA",1345.00435
2006-07,"SOUTH GOA, GOA",1332.27294
2006-07,"DAMAN, DAMAN AND DIU",1320.30815
2006-07,"KOLABA/RAIGARH, MAHARASHTRA",1304.78739
2006-07,"NORTH GOA, GOA",1206.08769
2006-07,"KANARA NORTH, KARNATAKA",1123.76241
2006-07,"KOLHAPUR, MAHARASHTRA",1034.65162
2010-11,"DINDIGUL, TAMILNADU",573.80861
2010-11,"THENI, TAMILNADU",562.36741
2010-11,"KARUR, TAMILNADU",547.67414
2010-11,"CHENNAI, TAMILNADU",519.27731
2010-11,"VILLUPURAM, TAMILNADU",508.34901
2010-11,"CUDDALORE, TAMILNADU",484.71047
2010-11,"KANCHEEPURAM, TAMILNADU",484.18366
2010-11,"NILGIRIS, TAMILNADU",472.79365
2010-11,"SALEM, TAMILNADU",472.24728
2010-11,"WAYANAD, KERALA",463.87543
2003-02,"PULWAMA, JAMMU AND KASHMIR",698.36833
2003-02,"BADGAM, JAMMU AND KASHMIR",616.90802
2003-02,"ANANTNAG, JAMMU AND KASHMIR",509.00918
2003-02,"BARAMULLA, JAMMU AND KASHMIR",504.02865
2003-02,"DODA, JAMMU AND KASHMIR",481.76189
2003-02,"KUPWARA, JAMMU AND KASHMIR",344.89692
2003-02,"SRINAGAR, JAMMU AND KASHMIR",329.92398
2003-02,"CHAMBA, HIMACHAL PRADESH",261.62050
2003-02,"UDHAMPUR, JAMMU AND KASHMIR",260.81201
2003-02,"LAHUL AND SPITI, HIMACHAL PRADESH",256.99426
2013-06,"GOLAGHAT, ASSAM",2401.83919
2013-06,"WEST KAMENG, ARUNACHAL PRADESH",2232.75336
2013-06,"KARIMGANJ, ASSAM",2126.78239
2013-06,"KARBI ANGLONG, ASSAM",1847.21086
2013-06,"ERNAKULAM, KERALA",1812.88102
2013-06,"LAKHIMPUR, ASSAM",1748.17694
2013-06,"HAILAKANDI, ASSAM",1716.70091
2013-06,"GOALPARA, ASSAM",1604.29652
2013-06,"PAPAMPARE, ARUNACHAL PRADESH",1564.20680
2013-06,"N.C.HILLS, ASSAM",1543.15663
2001-06,"MON, NAGALAND",1350.77845
2001-06,"THRISSUR, KERALA",1220.45709
2001-06,"SOUTH GOA, GOA",1189.05548
2001-06,"LAKHIMPUR, ASSAM",1180.14032
2001-06,"PAPAMPARE, ARUNACHAL PRADESH",1170.35559
2001-06,"NORTH TRIPURA, TRIPURA",1138.19694
2001-06,"HAILAKANDI, ASSAM",1094.98924
2001-06,"LAKSHADWEEP, LAKSHADWEEP",1090.01377
2001-06,"KASARGOD, KERALA",1075.38351
2001-06,"KANNUR, KERALA",1056.59533
2005-12,"VILLUPURAM, TAMILNADU",281.53017
2005-12,"KANCHEEPURAM, TAMILNADU",264.09441
2005-12,"CUDDALORE, TAMILNADU",253.94785
2005-12,"KOLLAM, KERALA",246.55748
2005-12,"BAY ISLANDS, ANDAMAN AND NICOBAR ISLANDS",245.92798
2005-12,"ALAPPUZHA, KERALA",238.98067
2005-12,"THENI, TAMILNADU",238.85889
2005-12,"TIRUVANNAMALAI, TAMILNADU",237.74210
2005-12,"DINDIGUL, TAMILNADU",235.31967
2005-12,"KARUR, TAMILNADU",232.73023
2006-05,"MON, NAGALAND",715.80647
2006-05,"NORTH TRIPURA, TRIPURA",688.29907
2006-05,"THRISSUR, KERALA",687.00402
2006-05,"ALAPPUZHA, KERALA",647.21029
2006-05,"SOUTH GOA, GOA",623.81386
2006-05,"PATHANAMTHITTA, KERALA",578.06367
2006-05,"LAKSHADWEEP, LAKSHADWEEP",565.28569
2006-05,"JAINTIA HILLS, MEGHALAYA",564.08265
2006-05,"KASARGOD, KERALA",560.73705
2006-05,"KOTTAYAM, KERALA",558.71943
2008-09,"NORTH TRIPURA, TRIPURA",800.75834
2008-09,"CHURACHANDPUR, MANIPUR",662.01034
2008-09,"UPPER SUBANSIRI, ARUNACHAL PRADESH",627.48077
2008-09,"MON, NAGALAND",611.83892
2008-09,"PAPAMPARE, ARUNACHAL PRADESH",608.81597
2008-09,"HAILAKANDI, ASSAM",574.27603
2008-09,"HARDOI, UTTAR PRADESH",571.48132
2008-09,"ALMORA, UTTARAKHAND",571.32337
2008-09,"LAKHIMPUR, ASSAM",570.97381
2008-09,"SHAHJAHANPUR, UTTAR PRADESH",568.38744
2006-04,"UPPER SUBANSIRI, ARUNACHAL PRADESH",227.52773
2006-04,"KARBI ANGLONG, ASSAM",199.24737
2006-04,"DIBANG VALLEY, ARUNACHAL PRADESH",194.83694
2006-04,"NORTH TRIPURA, TRIPURA",190.56988
2006-04,"THENI, TAMILNADU",178.48019
2006-04,"PULWAMA, JAMMU AND KASHMIR",174.06635
2006-04,"KARGIL, JAMMU AND KASHMIR",159.99016
2006-04,"PHEK, NAGALAND",157.85980
2006-04,"UPPER SIANG, ARUNACHAL PRADESH",154.18797
2006-04,"EAST KHASI HILLS, MEGHALAYA",139.98836
2007-08,"SOUTH GOA, GOA",1572.60762
2007-08,"KANARA NORTH, KARNATAKA",1282.86345
2007-08,"SINDHUDURG, MAHARASHTRA",1226.09937
2007-08,"KASARGOD, KERALA",1174.66391
2007-08,"UDUPI, KARNATAKA",1165.40914
2007-08,"NORTH GOA, GOA",1160.78532
2007-08,"SHIMOGA, KARNATAKA",1138.92583
2007-08,"PAPAMPARE, ARUNACHAL PRADESH",1126.11833
2007-08,"RATNAGIRI, MAHARASHTRA",1110.15631
2007-08,"KANARA SOUTH, KARNATAKA",1107.01362
2010-02,"PULWAMA, JAMMU AND KASHMIR",662.76913
2010-02,"BADGAM, JAMMU AND KASHMIR",543.26625
2010-02,"BARAMULLA, JAMMU AND KASHMIR",514.91893
2010-02,"ANANTNAG, JAMMU AND KASHMIR",422.84603
2010-02,"KUPWARA, JAMMU AND KASHMIR",346.46758
2010-02,"DODA, JAMMU AND KASHMIR",303.21528
2010-02,"SRINAGAR, JAMMU AND KASHMIR",300.65034
2010-02,"UPPER SUBANSIRI, ARUNACHAL PRADESH",229.80650
2010-02,"DIBANG VALLEY, ARUNACHAL PRADESH",210.05517
2010-02,"KARGIL, JAMMU AND KASHMIR",196.62267
2001-05,"NORTH TRIPURA, TRIPURA",904.80092
2001-05,"MON, NAGALAND",885.50237
2001-05,"KARBI ANGLONG, ASSAM",876.07085
2001-05,"JAINTIA HILLS, MEGHALAYA",816.87562
2001-05,"UPPER SUBANSIRI, ARUNACHAL PRADESH",781.79135
2001-05,"SENAPATI, MANIPUR",748.39559
2001-05,"EAST KHASI HILLS, MEGHALAYA",736.71764
2001-05,"PHEK, NAGALAND",718.78817
2001-05,"GOLAGHAT, ASSAM",718.68270
2001-05,"LAKHIMPUR, ASSAM",673.32661
2005-02,"PULWAMA, JAMMU AND KASHMIR",830.95607
2005-02,"BADGAM, JAMMU AND KASHMIR",688.56641
2005-02,"BARAMULLA, JAMMU AND KASHMIR",624.77880
2005-02,"ANANTNAG, JAMMU AND KASHMIR",621.01711
2005-02,"DODA, JAMMU AND KASHMIR",521.99657
2005-02,"KUPWARA, JAMMU AND KASHMIR",367.21977
2005-02,"SRINAGAR, JAMMU AND KASHMIR",358.08220
2005-02,"KINNAUR, HIMACHAL PRADESH",259.92709
2005-02,"CHAMBA, HIMACHAL PRADESH",256.80284
2005-02,"LAHUL AND SPITI, HIMACHAL PRADESH",248.54593
2001-11,"DINDIGUL, TAMILNADU",469.79512
2001-11,"THENI, TAMILNADU",452.46526
2001-11,"ALAPPUZHA, KERALA",424.34523
2001-11,"IDUKKI, KERALA",422.96205
2001-11,"KOTTAYAM, KERALA",416.78468
2001-11,"KARUR, TAMILNADU",407.78731
2001-11,"PATHANAMTHITTA, KERALA",395.99618
2001-11,"PURI, ORISSA",357.50742
2001-11,"GANJAM, ORISSA",356.97778
2001-11,"MADURAI, TAMILNADU",339.93589
2000-08,"JAINTIA HILLS, MEGHALAYA",1282.39071
2000-08,"PAPAMPARE, ARUNACHAL PRADESH",1148.29064
2000-08,"RATNAGIRI, MAHARASHTRA",1112.04214
2000-08,"KASARGOD, KERALA",1108.14725
2000-08,"KARBI ANGLONG, ASSAM",1030.49981
2000-08,"EAST KHASI HILLS, MEGHALAYA",1011.07241
2000-08,"GOLAGHAT, ASSAM",1003.67326
2000-08,"SOUTH GOA, GOA",991.75262
2000-08,"LAKHIMPUR, ASSAM",984.82875
2000-08,"UDUPI, KARNATAKA",943.35588
2004-04,"NORTH TRIPURA, TRIPURA",825.97832
2004-04,"SENAPATI, MANIPUR",793.01121
2004-04,"KARBI ANGLONG, ASSAM",765.91449
2004-04,"PHEK, NAGALAND",755.55896
2004-04,"HAILAKANDI, ASSAM",719.65206
2004-04,"KARIMGANJ, ASSAM",648.46711
2004-04,"MON, NAGALAND",648.11951
2004-04,"JAINTIA HILLS, MEGHALAYA",625.56243
2004-04,"KOHIMA, NAGALAND",604.07378
2004-04,"N.C.HILLS, ASSAM",572.68647
2006-09,"THRISSUR, KERALA",996.79747
2006-09,"COOCH BEHAR, WEST BENGAL",821.62199
2006-09,"KASARGOD, KERALA",781.29219
2006-09,"DHUBRI, ASSAM",771.95265
2006-09,"PALAKKAD, KERALA",736.46017
2006-09,"KANNUR, KERALA",723.97048
2006-09,"GOALPARA, ASSAM",722.85480
2006-09,"MALAPPURAM, KERALA",701.46880
2006-09,"SOUTH GOA, GOA",700.39050
2006-09,"WAYANAD, KERALA",699.25664
2002-04,"UPPER SUBANSIRI, ARUNACHAL PRADESH",457.74703
2002-04,"KARBI ANGLONG, ASSAM",395.71033
2002-04,"LAKHIMPUR, ASSAM",389.36920
2002-04,"GOLAGHAT, ASSAM",376.80703
2002-04,"MON, NAGALAND",372.28891
2002-04,"PAPAMPARE, ARUNACHAL PRADESH",369.63161
2002-04,"PHEK, NAGALAND",302.24071
2002-04,"DIBANG VALLEY, ARUNACHAL PRADESH",299.28816
2002-04,"UPPER SIANG, ARUNACHAL PRADESH",298.41869
2002-04,"WEST KAMENG, ARUNACHAL PRADESH",287.99542
2003-07,"SOUTH GOA, GOA",1603.67256
2003-07,"MUMBAI CITY, MAHARASHTRA",1602.44554
2003-07,"DAMAN, DAMAN AND DIU",1463.92236
2003-07,"RATNAGIRI, MAHARASHTRA",1356.50914
2003-07,"THANA, MAHARASHTRA",1348.39029
2003-07,"KOLABA/RAIGARH, MAHARASHTRA",1338.36077
2003-07,"SINDHUDURG, MAHARASHTRA",1307.46432
2003-07,"PAPAMPARE, ARUNACHAL PRADESH",1269.17747
2003-07,"COOCH BEHAR, WEST BENGAL",1245.12121
2003-07,"KANNUR, KERALA",1209.37094
2010-04,"LAKHIMPUR, ASSAM",1008.57472
2010-04,"GOLAGHAT, ASSAM",866.95599
2010-04,"PAPAMPARE, ARUNACHAL PRADESH",814.30929
2010-04,"KARBI ANGLONG, ASSAM",780.87174
2010-04,"MON, NAGALAND",765.63638
2010-04,"EAST SIANG, ARUNACHAL PRADESH",731.52133
2010-04,"LOWER SUBANSIRI, ARUNACHAL PRADESH",703.05118
2010-04,"TIRAP, ARUNACHAL PRADESH",655.24644
2010-04,"CHANGLANG, ARUNACHAL PRADESH",602.42806
2010-04,"NORTH TRIPURA, TRIPURA",562.30946
2002-03,"PULWAMA, JAMMU AND KASHMIR",324.99361
2002-03,"BADGAM, JAMMU AND KASHMIR",253.21513
2002-03,"BARAMULLA, JAMMU AND KASHMIR",235.75975
2002-03,"ANANTNAG, JAMMU AND KASHMIR",186.67487
2002-03,"UPPER SUBANSIRI, ARUNACHAL PRADESH",159.58844
2002-03,"SRINAGAR, JAMMU AND KASHMIR",149.49817
2002-03,"DODA, JAMMU AND KASHMIR",144.73112
2002-03,"KULU, HIMACHAL PRADESH",141.01754
2002-03,"KINNAUR, HIMACHAL PRADESH",139.31786
2002-03,"KARGIL, JAMMU AND KASHMIR",129.64210
2011-05,"N.C.HILLS, ASSAM",1263.00370
2011-05,"KARIMGANJ, ASSAM",851.21229
2011-05,"HAILAKANDI, ASSAM",832.45558
2011-05,"NORTH TRIPURA, TRIPURA",831.91323
2011-05,"GOLAGHAT, ASSAM",773.97394
2011-05,"KOHIMA, NAGALAND",764.79265
2011-05,"SENAPATI, MANIPUR",745.48767
2011-05,"CACHAR, ASSAM",724.07576
2011-05,"KARBI ANGLONG, ASSAM",714.86578
2011-05,"PHEK, NAGALAND",641.68912
2000-02,"PULWAMA, JAMMU AND KASHMIR",394.28558
2000-02,"BADGAM, JAMMU AND KASHMIR",337.58411
2000-02,"BARAMULLA, JAMMU AND KASHMIR",264.15767
2000-02,"TIRUVANNAMALAI, TAMILNADU",237.21339
2000-02,"VILLUPURAM, TAMILNADU",223.04823
2000-02,"DINDIGUL, TAMILNADU",207.34548
2000-02,"ANANTNAG, JAMMU AND KASHMIR",196.61292
2000-02,"KANCHEEPURAM, TAMILNADU",191.60892
2000-02,"DODA, JAMMU AND KASHMIR",187.23449
2000-02,"SRINAGAR, JAMMU AND KASHMIR",180.08938
2000-01,"PULWAMA, JAMMU AND KASHMIR",344.52096
2000-01,"BADGAM, JAMMU AND KASHMIR",301.29664
2000-01,"BARAMULLA, JAMMU AND KASHMIR",285.81621
2000-01,"BAY ISLANDS, ANDAMAN AND NICOBAR ISLANDS",273.86439
2000-01,"SRINAGAR, JAMMU AND KASHMIR",250.34924
2000-01,"THIRUVARUR, TAMILNADU",230.57126
2000-01,"ANANTNAG, JAMMU AND KASHMIR",215.81956
2000-01,"DODA, JAMMU AND KASHMIR",193.08874
2000-01,"KUPWARA, JAMMU AND KASHMIR",189.25322
2000-01,"RAMANATHAPURA, TAMILNADU",187.23415
2002-12,"BAY ISLANDS, ANDAMAN AND NICOBAR ISLANDS",343.50302
2002-12,"MIRZAPUR, UTTAR PRADESH",203.95178
2002-12,"KARUR, TAMILNADU",203.06628
2002-12,"SHRAWASTI, UTTAR PRADESH",202.30040
2002-12,"BHOJPUR, BIHAR",201.93132
2002-12,"KARNAL, HARYANA",200.91337
2002-12,"SIDDHARTHNAGAR, UTTAR PRADESH",200.43444
2002-12,"KANPUR DEHAT, UTTAR PRADESH",199.62763
2002-12,"ETAWAH, UTTAR PRADESH",199.34181
2002-12,"VAISHALI, BIHAR",197.82347
2012-08,"GOLAGHAT, ASSAM",2335.36641
2012-08,"KARIMGANJ, ASSAM",2245.38620
2012-08,"GOALPARA, ASSAM",2103.97457
2012-08,"LAKHIMPUR, ASSAM",1887.87697
2012-08,"BONGAIGAON, ASSAM",1827.10356
2012-08,"KOKRAJHAR, ASSAM",1815.87530
2012-08,"NALBARI, ASSAM",1813.92156
2012-08,"KAMRUP, ASSAM",1801.55182
2012-08,"HAILAKANDI, ASSAM",1762.27748
2012-08,"DHUBRI, ASSAM",1747.43076
2004-02,"PULWAMA, JAMMU AND KASHMIR",170.74647
2004-02,"BADGAM, JAMMU AND KASHMIR",136.14978
2004-02,"BARAMULLA, JAMMU AND KASHMIR",131.10809
2004-02,"ANANTNAG, JAMMU AND KASHMIR",89.59465
2004-02,"SRINAGAR, JAMMU AND KASHMIR",87.96273
2004-02,"KUPWARA, JAMMU AND KASHMIR",69.81467
2004-02,"BAY ISLANDS, ANDAMAN AND NICOBAR ISLANDS",69.64106
2004-02,"LADAKH, LADAKH",53.92656
2004-02,"DODA, JAMMU AND KASHMIR",53.42789
2004-02,"KARGIL, JAMMU AND KASHMIR",52.48032
2012-02,"PULWAMA, JAMMU AND KASHMIR",291.03988
2012-02,"ANANTNAG, JAMMU AND KASHMIR",255.89162
2012-02,"KARGIL, JAMMU AND KASHMIR",242.45968
2012-02,"BARAMULLA, JAMMU AND KASHMIR",234.06198
2012-02,"KUPWARA, JAMMU AND KASHMIR",155.51663
2012-02,"UPPER SIANG, ARUNACHAL PRADESH",149.74364
2012-02,"LAHUL AND SPITI, HIMACHAL PRADESH",140.00702
2012-02,"DIBANG VALLEY, ARUNACHAL PRADESH",134.19543
2012-02,"UPPER SUBANSIRI, ARUNACHAL PRADESH",121.15344
2012-02,"DODA, JAMMU AND KASHMIR",119.87915
2006-03,"BADGAM, JAMMU AND KASHMIR",390.21376
2006-03,"PULWAMA, JAMMU AND KASHMIR",387.08784
2006-03,"BARAMULLA, JAMMU AND KASHMIR",286.15096
2006-03,"THENI, TAMILNADU",267.33299
2006-03,"DINDIGUL, TAMILNADU",250.17542
2006-03,"TIRUNELVELI, TAMILNADU",237.38794
2006-03,"SRINAGAR, JAMMU AND KASHMIR",217.95617
2006-03,"THIRUVANANTHAP, KERALA",209.65432
2006-03,"KOLLAM, KERALA",208.05875
2006-03,"IDUKKI, KERALA",188.94209
2010-03,"DIBANG VALLEY, ARUNACHAL PRADESH",529.26298
2010-03,"UPPER SUBANSIRI, ARUNACHAL PRADESH",416.00944
2010-03,"EAST SIANG, ARUNACHAL PRADESH",361.90331
2010-03,"PULWAMA, JAMMU AND KASHMIR",296.11929
2010-03,"UPPER SIANG, ARUNACHAL PRADESH",284.81461
2010-03,"NORTH TRIPURA, TRIPURA",272.63087
2010-03,"LAKHIMPUR, ASSAM",271.49160
2010-03,"BADGAM, JAMMU AND KASHMIR",234.95637
2010-03,"PAPAMPARE, ARUNACHAL PRADESH",224.98455
2010-03,"HAILAKANDI, ASSAM",222.36414
2000-07,"SOUTH GOA, GOA",1218.37177
2000-07,"RATNAGIRI, MAHARASHTRA",1130.97888
2000-07,"ALMORA, UTTARAKHAND",1128.31389
2000-07,"SINDHUDURG, MAHARASHTRA",1121.02068
2000-07,"MUMBAI CITY, MAHARASHTRA",1039.96711
2000-07,"BHOPAL, MADHAYA PRADESH",1015.55212
2000-07,"KANARA NORTH, KARNATAKA",992.99966
2000-07,"KOLABA/RAIGARH, MAHARASHTRA",989.29897
2000-07,"THANA, MAHARASHTRA",954.72319
2000-07,"PAPAMPARE, ARUNACHAL PRADESH",952.92334
2001-10,"COOCH BEHAR, WEST BENGAL",728.54985
2001-10,"MON, NAGALAND",673.30570
2001-10,"ALAPPUZHA, KERALA",605.22427
2001-10,"WEST GARO HILLS, MEGHALAYA",595.13880
2001-10,"DINAJPUR SOUTH, WEST BENGAL",557.50729
2001-10,"EAST KHASI HILLS, MEGHALAYA",548.56288
2001-10,"PATHANAMTHITTA, KERALA",546.43379
2001-10,"THENI, TAMILNADU",543.78143
2001-10,"DHUBRI, ASSAM",540.58823
2001-10,"CHENNAI, TAMILNADU",538.44855
2004-11,"BAY ISLANDS, ANDAMAN AND NICOBAR ISLANDS",522.27164
2004-11,"THIRUVARUR, TAMILNADU",474.63423
2004-11,"KARUR, TAMILNADU",439.97326
2004-11,"RAMANATHAPURA, TAMILNADU",434.11858
2004-11,"NAGAPATTINAM, TAMILNADU",426.79823
2004-11,"TANJAVUR, TAMILNADU",426.65594
2004-11,"PUDUKOTTAI, TAMILNADU",398.00294
2004-11,"DINDIGUL, TAMILNADU",394.43964
2004-11,"PUDUCHERRY, PUDUCHERRY",376.81818
2004-11,"THENI, TAMILNADU",373.98877
2007-07,"SOUTH GOA, GOA",1721.35421
2007-07,"KISHANGANJ, BIHAR",1651.79997
2007-07,"BARODA, GUJARAT",1375.04438
2007-07,"THRISSUR, KERALA",1367.94272
2007-07,"SINDHUDURG, MAHARASHTRA",1360.47080
2007-07,"KANNUR, KERALA",1359.44907
2007-07,"KANARA NORTH, KARNATAKA",1342.73407
2007-07,"UDUPI, KARNATAKA",1328.71075
2007-07,"CHAMPARAN.WEST, BIHAR",1328.24795
2007-07,"KASARGOD, KERALA",1327.64511
2012-04,"PULWAMA, JAMMU AND KASHMIR",826.71771
2012-04,"DIBANG VALLEY, ARUNACHAL PRADESH",685.21296
2012-04,"KARIMGANJ, ASSAM",664.54760
2012-04,"PHEK, NAGALAND",626.78894
2012-04,"HAILAKANDI, ASSAM",543.18809
2012-04,"EAST SIANG, ARUNACHAL PRADESH",542.31950
2012-04,"BARAMULLA, JAMMU AND KASHMIR",529.19090
2012-04,"SENAPATI, MANIPUR",512.53968
2012-04,"KARBI ANGLONG, ASSAM",507.30997
2012-04,"NORTH TRIPURA, TRIPURA",503.08542
2003-12,"PULWAMA, JAMMU AND KASHMIR",202.27544
2003-12,"BARAMULLA, JAMMU AND KASHMIR",170.43740
2003-12,"BADGAM, JAMMU AND KASHMIR",158.80909
2003-12,"EAST GODAVARI, ANDHRA PRADESH",127.32850
2003-12,"BAY ISLANDS, ANDAMAN AND NICOBAR ISLANDS",104.84526
2003-12,"SRINAGAR, JAMMU AND KASHMIR",102.15054
2003-12,"VISAKHAPATNAM, ANDHRA PRADESH",99.78318
2003-12,"CUTTACK, ORISSA",94.10016
2003-12,"JAJPUR, ORISSA",91.67548
2003-12,"KANCHEEPURAM, TAMILNADU",89.39586
2010-01,"BAY ISLANDS, ANDAMAN AND NICOBAR ISLANDS",158.12097
2010-01,"PULWAMA, JAMMU AND KASHMIR",134.80396
2010-01,"BARAMULLA, JAMMU AND KASHMIR",128.00271
2010-01,"BADGAM, JAMMU AND KASHMIR",125.48104
2010-01,"SRINAGAR, JAMMU AND KASHMIR",84.92146
2010-01,"THIRUVANANTHAP, KERALA",72.62420
2010-01,"KUPWARA, JAMMU AND KASHMIR",70.00692
2010-01,"ALAPPUZHA, KERALA",69.47136
2010-01,"THENI, TAMILNADU",66.84065
2010-01,"KASARGOD, KERALA",65.98434
2010-09,"ALMORA, UTTARAKHAND",1062.38320
2010-09,"KISHANGANJ, BIHAR",952.55832
2010-09,"LAKHIMPUR, ASSAM",823.53575
2010-09,"MORIGAON, ASSAM",823.09914
2010-09,"PAPAMPARE, ARUNACHAL PRADESH",819.92679
2010-09,"MON, NAGALAND",798.48117
2010-09,"GOLAGHAT, ASSAM",790.81824
2010-09,"DEHRA DUN, UTTARAKHAND",762.79450
2010-09,"THRISSUR, KERALA",760.43295
2010-09,"GARWAL PAURI, UTTARAKHAND",738.14063
2012-05,"GOLAGHAT, ASSAM",813.45178
2012-05,"EAST SIANG, ARUNACHAL PRADESH",718.84060
2012-05,"DIBANG VALLEY, ARUNACHAL PRADESH",705.95141
2012-05,"KARBI ANGLONG, ASSAM",604.23779
2012-05,"WEST KAMENG, ARUNACHAL PRADESH",589.30263
2012-05,"N.C.HILLS, ASSAM",568.76047
2012-05,"SONITPUR, ASSAM",533.51883
2012-05,"NALBARI, ASSAM",514.45719
2012-05,"JORHAT, ASSAM",503.92741
2012-05,"IDUKKI, KERALA",471.47915
2005-10,"BANGALORE URBA, KARNATAKA",635.07939
2005-10,"NILGIRIS, TAMILNADU",619.97656
2005-10,"SALEM, TAMILNADU",612.91350
2005-10,"BANGALORE RURAL, KARNATAKA",608.87721
2005-10,"PURI, ORISSA",565.49550
2005-10,"SHIMOGA, KARNATAKA",560.68452
2005-10,"KARUR, TAMILNADU",557.90059
2005-10,"KOLAR, KARNATAKA",550.66823
2005-10,"WAYANAD, KERALA",548.83485
2005-10,"DINDIGUL, TAMILNADU",539.72998
2006-08,"BADGAM, JAMMU AND KASHMIR",1341.02483
2006-08,"RATNAGIRI, MAHARASHTRA",1235.55730
2006-08,"SOUTH GOA, GOA",1129.63912
2006-08,"KOLABA/RAIGARH, MAHARASHTRA",1077.69090
2006-08,"SINDHUDURG, MAHARASHTRA",1065.72874
2006-08,"NORTH GOA, GOA",1063.62291
2006-08,"THANA, MAHARASHTRA",1060.90584
2006-08,"KANARA NORTH, KARNATAKA",1014.84832
2006-08,"MUMBAI CITY, MAHARASHTRA",1013.28515
2006-08,"PULWAMA, JAMMU AND KASHMIR",993.84646
2008-08,"PAPAMPARE, ARUNACHAL PRADESH",1407.07214
2008-08,"JAINTIA HILLS, MEGHALAYA",1327.22833
2008-08,"COOCH BEHAR, WEST BENGAL",1204.59960
2008-08,"UPPER SUBANSIRI, ARUNACHAL PRADESH",1191.48287
2008-08,"CHAMPARAN.WEST, BIHAR",1188.48131
2008-08,"LAKHIMPUR, ASSAM",1105.46301
2008-08,"KISHANGANJ, BIHAR",1103.00069
2008-08,"ALMORA, UTTARAKHAND",1099.84029
2008-08,"MORIGAON, ASSAM",1054.20790
2008-08,"SOUTH GOA, GOA",1043.45060
2009-10,"MON, NAGALAND",453.06591
2009-10,"SENAPATI, MANIPUR",442.47437
2009-10,"SHIMOGA, KARNATAKA",418.07441
2009-10,"PHEK, NAGALAND",412.04048
2009-10,"LAKHIMPUR, ASSAM",370.60090
2009-10,"UPPER SUBANSIRI, ARUNACHAL PRADESH",365.96151
2009-10,"ALMORA, UTTARAKHAND",365.23874
2009-10,"NORTH TRIPURA, TRIPURA",354.53998
2009-10,"NILGIRIS, TAMILNADU",341.09673
2009-10,"WAYANAD, KERALA",340.97955
2001-04,"THENI, TAMILNADU",519.13359
2001-04,"DINDIGUL, TAMILNADU",415.43832
2001-04,"TIRUNELVELI, TAMILNADU",396.96178
2001-04,"UPPER SUBANSIRI, ARUNACHAL PRADESH",382.66667
2001-04,"GOLAGHAT, ASSAM",373.13523
2001-04,"KANNIYAKUMARI, TAMILNADU",355.82825
2001-04,"NILGIRIS, TAMILNADU",348.02842
2001-04,"KOLLAM, KERALA",341.85275
2001-04,"LAKHIMPUR, ASSAM",340.08549
2001-04,"PAPAMPARE, ARUNACHAL PRADESH",326.72993
2007-12,"BAY ISLANDS, ANDAMAN AND NICOBAR ISLANDS",331.81470
2007-12,"PUDUCHERRY, PUDUCHERRY",308.14976
2007-12,"CUDDALORE, TAMILNADU",287.78401
2007-12,"KANCHEEPURAM, TAMILNADU",278.07794
2007-12,"NAGAPATTINAM, TAMILNADU",274.48399
2007-12,"VILLUPURAM, TAMILNADU",271.15530
2007-12,"THIRUVARUR, TAMILNADU",264.55039
2007-12,"TANJAVUR, TAMILNADU",263.50353
2007-12,"KARUR, TAMILNADU",255.91993
2007-12,"PUDUKOTTAI, TAMILNADU",246.58964
2005-11,"THENI, TAMILNADU",726.14569
2005-11,"KANNIYAKUMARI, TAMILNADU",715.89590
2005-11,"THIRUVANANTHAP, KERALA",694.25909
2005-11,"KARUR, TAMILNADU",672.67021
2005-11,"TIRUNELVELI, TAMILNADU",647.14757
2005-11,"BAY ISLANDS, ANDAMAN AND NICOBAR ISLANDS",634.41316
2005-11,"ALAPPUZHA, KERALA",633.85170
2005-11,"PATHANAMTHITTA, KERALA",627.11523
2005-11,"KOLLAM, KERALA",623.84195
2005-11,"THOOTHUKUDI, TAMILNADU",607.79299
2010-06,"MON, NAGALAND",1307.65703
2010-06,"JAINTIA HILLS, MEGHALAYA",1248.32153
2010-06,"LAKSHADWEEP, LAKSHADWEEP",1206.82447
2010-06,"LAKHIMPUR, ASSAM",1105.17796
2010-06,"KARBI ANGLONG, ASSAM",1062.23215
2010-06,"KASARGOD, KERALA",1047.04880
2010-06,"GOLAGHAT, ASSAM",1046.15030
2010-06,"PAPAMPARE, ARUNACHAL PRADESH",1034.87612
2010-06,"SOUTH GOA, GOA",1008.35604
2010-06,"THRISSUR, KERALA",988.24448
2005-01,"PULWAMA, JAMMU AND KASHMIR",328.91527
2005-01,"BADGAM, JAMMU AND KASHMIR",300.28038
2005-01,"BARAMULLA, JAMMU AND KASHMIR",279.59519
2005-01,"SRINAGAR, JAMMU AND KASHMIR",201.08700
2005-01,"BAY ISLANDS, ANDAMAN AND NICOBAR ISLANDS",186.14397
2005-01,"KUPWARA, JAMMU AND KASHMIR",150.71527
2005-01,"ANANTNAG, JAMMU AND KASHMIR",148.11975
2005-01,"DODA, JAMMU AND KASHMIR",146.43290
2005-01,"RAJNANDGAON, CHATISGARH",130.15024
2005-01,"DURG, CHATISGARH",123.43883
2002-09,"NORTH TRIPURA, TRIPURA",1041.79739
2002-09,"COOCH BEHAR, WEST BENGAL",840.67237
2002-09,"HAILAKANDI, ASSAM",727.99358
2002-09,"UPPER SUBANSIRI, ARUNACHAL PRADESH",726.70015
2002-09,"MON, NAGALAND",724.74570
2002-09,"ALMORA, UTTARAKHAND",713.38864
2002-09,"GOLAGHAT, ASSAM",685.81293
2002-09,"KISHANGANJ, BIHAR",680.34260
2002-09,"KARBI ANGLONG, ASSAM",670.71058
2002-09,"SENAPATI, MANIPUR",632.48382
2004-10,"KARUR, TAMILNADU",687.19685
2004-10,"DINDIGUL, TAMILNADU",655.93745
2004-10,"THENI, TAMILNADU",642.32923
2004-10,"PUDUKOTTAI, TAMILNADU",612.28762
2004-10,"TANJAVUR, TAMILNADU",584.59485
2004-10,"KANCHEEPURAM, TAMILNADU",581.44418
2004-10,"TIRUCHIRAPALLI, TAMILNADU",568.38769
2004-10,"PERAMBALUR, TAMILNADU",566.38535
2004-10,"DHARMAPURI, TAMILNADU",561.32098
2004-10,"CHENNAI, TAMILNADU",556.58366
2008-05,"UPPER SUBANSIRI, ARUNACHAL PRADESH",671.85682
2008-05,"MON, NAGALAND",627.06362
2008-05,"ETAWAH, UTTAR PRADESH",546.15953
2008-05,"NORTH TRIPURA, TRIPURA",545.31500
2008-05,"DINAJPUR SOUTH, WEST BENGAL",542.26797
2008-05,"KANPUR DEHAT, UTTAR PRADESH",537.45544
2008-05,"VAISHALI, BIHAR",535.91393
2008-05,"NADIA, WEST BENGAL",535.30368
2008-05,"SIDDHARTHNAGAR, UTTAR PRADESH",533.89519
2008-05,"KARNAL, HARYANA",533.74670
2012-12,"BAY ISLANDS, ANDAMAN AND NICOBAR ISLANDS",306.22699
2012-12,"UPPER SIANG, ARUNACHAL PRADESH",245.92211
2012-12,"DIBANG VALLEY, ARUNACHAL PRADESH",228.23323
2012-12,"WEST KAMENG, ARUNACHAL PRADESH",207.74459
2012-12,"EAST SIANG, ARUNACHAL PRADESH",207.52140
2012-12,"PULWAMA, JAMMU AND KASHMIR",173.76423
2012-12,"UPPER SUBANSIRI, ARUNACHAL PRADESH",173.53422
2012-12,"RAMANATHAPURA, TAMILNADU",167.87316
2012-12,"GARWAL TEHRI, UTTARAKHAND",166.15965
2012-12,"SRINAGAR, JAMMU AND KASHMIR",162.61312
2012-07,"GOLAGHAT, ASSAM",2425.73146
2012-07,"WEST KAMENG, ARUNACHAL PRADESH",2333.63223
2012-07,"PAPAMPARE, ARUNACHAL PRADESH",1905.81028
2012-07,"KARIMGANJ, ASSAM",1890.18240
2012-07,"LAKHIMPUR, ASSAM",1799.43469
2012-07,"GOALPARA, ASSAM",1770.40222
2012-07,"DHUBRI, ASSAM",1723.10945
2012-07,"RATNAGIRI, MAHARASHTRA",1677.02041
2012-07,"KOKRAJHAR, ASSAM",1670.46084
2012-07,"KARBI ANGLONG, ASSAM",1669.55112
2000-09,"NORTH TRIPURA, TRIPURA",1006.61713
2000-09,"COOCH BEHAR, WEST BENGAL",896.70861
2000-09,"WAYANAD, KERALA",811.51929
2000-09,"NILGIRIS, TAMILNADU",810.73032
2000-09,"WEST GARO HILLS, MEGHALAYA",757.38206
2000-09,"HAILAKANDI, ASSAM",751.97511
2000-09,"MORIGAON, ASSAM",741.38397
2000-09,"JAINTIA HILLS, MEGHALAYA",729.86381
2000-09,"DINAJPUR SOUTH, WEST BENGAL",724.02216
2000-09,"MALDA, WEST BENGAL",723.67112
2002-06,"SOUTH GOA, GOA",1383.51161
2002-06,"GOALPARA, ASSAM",1215.19741
2002-06,"SINDHUDURG, MAHARASHTRA",1117.00352
2002-06,"KASARGOD, KERALA",1089.72586
2002-06,"LAKHIMPUR, ASSAM",1081.94679
2002-06,"PAPAMPARE, ARUNACHAL PRADESH",1077.76921
2002-06,"UPPER SUBANSIRI, ARUNACHAL PRADESH",1034.19806
2002-06,"KANARA NORTH, KARNATAKA",1024.17178
2002-06,"NORTH GOA, GOA",1020.45815
2002-06,"RATNAGIRI, MAHARASHTRA",953.97101
2011-03,"DIBANG VALLEY, ARUNACHAL PRADESH",571.18611
2011-03,"EAST SIANG, ARUNACHAL PRADESH",438.78538
2011-03,"UPPER SUBANSIRI, ARUNACHAL PRADESH",407.57904
2011-03,"UPPER SIANG, ARUNACHAL PRADESH",406.32334
2011-03,"GOLAGHAT, ASSAM",297.90639
2011-03,"PHEK, NAGALAND",289.68200
2011-03,"JORHAT, ASSAM",278.41071
2011-03,"KARBI ANGLONG, ASSAM",265.65803
2011-03,"PULWAMA, JAMMU AND KASHMIR",249.58195
2011-03,"KARGIL, JAMMU AND KASHMIR",245.79334
2010-07,"SOUTH GOA, GOA",1595.83100
2010-07,"MUMBAI CITY, MAHARASHTRA",1540.93900
2010-07,"DAMAN, DAMAN AND DIU",1511.48530
2010-07,"PAPAMPARE, ARUNACHAL PRADESH",1364.74217
2010-07,"ALMORA, UTTARAKHAND",1312.86281
2010-07,"KASARGOD, KERALA",1312.21907
2010-07,"KOLABA/RAIGARH, MAHARASHTRA",1268.14830
2010-07,"SINDHUDURG, MAHARASHTRA",1259.17654
2010-07,"RATNAGIRI, MAHARASHTRA",1231.18064
2010-07,"THANA, MAHARASHTRA",1230.03681
2006-10,"DINDIGUL, TAMILNADU",984.90525
2006-10,"THENI, TAMILNADU",929.11619
2006-10,"KARUR, TAMILNADU",851.35711
2006-10,"ALAPPUZHA, KERALA",849.31205
2006-10,"THRISSUR, KERALA",775.01805
2006-10,"THIRUVANANTHAP, KERALA",769.93075
2006-10,"IDUKKI, KERALA",746.52254
2006-10,"ERNAKULAM, KERALA",745.62840
2006-10,"KOLLAM, KERALA",740.04704
2006-10,"KOTTAYAM, KERALA",739.66541
2005-05,"THENI, TAMILNADU",437.01061
2005-05,"UPPER SUBANSIRI, ARUNACHAL PRADESH",410.55481
2005-05,"EAST KHASI HILLS, MEGHALAYA",376.47722
2005-05,"DUMKA, JHARKHAND",370.86020
2005-05,"DINAJPUR SOUTH, WEST BENGAL",363.27107
2005-05,"NADIA, WEST BENGAL",357.87146
2005-05,"HAMIRPUR, HIMACHAL PRADESH",352.31692
2005-05,"VAISHALI, BIHAR",350.89085
2005-05,"ROOPNAGAR, PUNJAB",350.18360
2005-05,"RUDRAPRAYAG, UTTARAKHAND",350.06945
2001-03,"PULWAMA, JAMMU AND KASHMIR",203.46507
2001-03,"BARAMULLA, JAMMU AND KASHMIR",180.39895
2001-03,"BADGAM, JAMMU AND KASHMIR",177.65326
2001-03,"UPPER SUBANSIRI, ARUNACHAL PRADESH",146.22030
2001-03,"DIBANG VALLEY, ARUNACHAL PRADESH",139.08692
2001-03,"NORTH TRIPURA, TRIPURA",130.38283
2001-03,"UPPER SIANG, ARUNACHAL PRADESH",113.12484
2001-03,"HAILAKANDI, ASSAM",109.48605
2001-03,"SRINAGAR, JAMMU AND KASHMIR",95.93412
2001-03,"KULU, HIMACHAL PRADESH",93.96687
2007-09,"THRISSUR, KERALA",988.14856
2007-09,"LAKHIMPUR, ASSAM",976.28978
2007-09,"PAPAMPARE, ARUNACHAL PRADESH",948.77764
2007-09,"KASARGOD, KERALA",942.08307
2007-09,"ALAPPUZHA, KERALA",920.13587
2007-09,"PATHANAMTHITTA, KERALA",919.46940
2007-09,"KOTTAYAM, KERALA",917.92287
2007-09,"KANNUR, KERALA",878.06593
2007-09,"GOLAGHAT, ASSAM",822.56518
2007-09,"COOCH BEHAR, WEST BENGAL",815.64906
2011-01,"BAY ISLANDS, ANDAMAN AND NICOBAR ISLANDS",324.95377
2011-01,"DIBANG VALLEY, ARUNACHAL PRADESH",209.54449
2011-01,"UPPER SIANG, ARUNACHAL PRADESH",197.32136
2011-01,"UPPER SUBANSIRI, ARUNACHAL PRADESH",188.05854
2011-01,"EAST SIANG, ARUNACHAL PRADESH",150.33933
2011-01,"JORHAT, ASSAM",118.93730
2011-01,"THENI, TAMILNADU",98.97437
2011-01,"PULWAMA, JAMMU AND KASHMIR",96.70028
2011-01,"WEST KAMENG, ARUNACHAL PRADESH",95.62569
2011-01,"KARGIL, JAMMU AND KASHMIR",94.29532
2013-11,"THENI, TAMILNADU",341.48898
2013-11,"DINDIGUL, TAMILNADU",299.57420
2013-11,"IDUKKI, KERALA",296.69674
2013-11,"ERNAKULAM, KERALA",283.12153
2013-11,"KARUR, TAMILNADU",268.01721
2013-11,"BAY ISLANDS, ANDAMAN AND NICOBAR ISLANDS",262.95838
2013-11,"VIRUDHUNAGAR, TAMILNADU",259.95756
2013-11,"TIRUNELVELI, TAMILNADU",248.80342
2013-11,"KOTTAYAM, KERALA",245.22172
2013-11,"SIVAGANGA, TAMILNADU",238.62018
2012-01,"PULWAMA, JAMMU AND KASHMIR",205.44092
2012-01,"UPPER SIANG, ARUNACHAL PRADESH",188.36660
2012-01,"GUMLA, JHARKHAND",168.14921
2012-01,"SIMDEGA, JHARKHAND",167.18270
2012-01,"UPPER SUBANSIRI, ARUNACHAL PRADESH",163.66712
2012-01,"ANANTNAG, JAMMU AND KASHMIR",149.73849
2012-01,"DIBANG VALLEY, ARUNACHAL PRADESH",147.20995
2012-01,"BARAMULLA, JAMMU AND KASHMIR",145.88126
2012-01,"PHEK, NAGALAND",145.79716
2012-01,"DODA, JAMMU AND KASHMIR",133.68414
2003-01,"BAY ISLANDS, ANDAMAN AND NICOBAR ISLANDS",199.56420
2003-01,"THIRUVARUR, TAMILNADU",180.83241
2003-01,"PULWAMA, JAMMU AND KASHMIR",172.67074
2003-01,"TANJAVUR, TAMILNADU",136.66795
2003-01,"NAGAPATTINAM, TAMILNADU",133.18121
2003-01,"BADGAM, JAMMU AND KASHMIR",130.60682
2003-01,"ANANTNAG, JAMMU AND KASHMIR",113.37662
2003-01,"BARAMULLA, JAMMU AND KASHMIR",101.43470
2003-01,"PUDUKOTTAI, TAMILNADU",99.94257
2003-01,"SRINAGAR, JAMMU AND KASHMIR",99.24431
2008-06,"SOUTH GOA, GOA",1358.28957
2008-06,"KASARGOD, KERALA",1107.92027
2008-06,"PAPAMPARE, ARUNACHAL PRADESH",1087.49192
2008-06,"MON, NAGALAND",1061.61400
2008-06,"MUMBAI CITY, MAHARASHTRA",1059.98496
2008-06,"PANNA, MADHAYA PRADESH",1051.62846
2008-06,"LAKHIMPUR, ASSAM",1051.00026
2008-06,"SINDHUDURG, MAHARASHTRA",1043.48546
2008-06,"LALITPUR, UTTAR PRADESH",1040.17779
2008-06,"LAKSHADWEEP, LAKSHADWEEP",1019.97929
2009-08,"PAPAMPARE, ARUNACHAL PRADESH",1424.88372
2009-08,"COOCH BEHAR, WEST BENGAL",1382.56162
2009-08,"MON, NAGALAND",1301.35440
2009-08,"DHUBRI, ASSAM",1231.31071
2009-08,"CHAMPARAN.WEST, BIHAR",1095.54748
2009-08,"LAKHIMPUR, ASSAM",1076.98773
2009-08,"GOLAGHAT, ASSAM",1068.25175
2009-08,"ALMORA, UTTARAKHAND",1058.73520
2009-08,"KARBI ANGLONG, ASSAM",1056.09130
2009-08,"JAINTIA HILLS, MEGHALAYA",1040.56080
2000-12,"BAY ISLANDS, ANDAMAN AND NICOBAR ISLANDS",338.87747
2000-12,"THIRUVARUR, TAMILNADU",239.94481
2000-12,"RAMANATHAPURA, TAMILNADU",239.28257
2000-12,"NAGAPATTINAM, TAMILNADU",224.79856
2000-12,"TANJAVUR, TAMILNADU",201.75904
2000-12,"PUDUCHERRY, PUDUCHERRY",186.45171
2000-12,"PUDUKOTTAI, TAMILNADU",180.31956
2000-12,"SIVAGANGA, TAMILNADU",163.26886
2000-12,"CUDDALORE, TAMILNADU",154.78192
2000-12,"PERAMBALUR, TAMILNADU",144.79079
2008-04,"PULWAMA, JAMMU AND KASHMIR",522.53972
2008-04,"BADGAM, JAMMU AND KASHMIR",485.76230
2008-04,"SRINAGAR, JAMMU AND KASHMIR",349.81132
2008-04,"UPPER SUBANSIRI, ARUNACHAL PRADESH",341.61898
2008-04,"THENI, TAMILNADU",278.76587
2008-04,"BARAMULLA, JAMMU AND KASHMIR",278.51972
2008-04,"KANNIYAKUMARI, TAMILNADU",274.70687
2008-04,"HAMIRPUR, HIMACHAL PRADESH",274.25141
2008-04,"GARWAL TEHRI, UTTARAKHAND",270.51133
2008-04,"GANDHINAGAR, GUJARAT",268.11065
2001-01,"BAY ISLANDS, ANDAMAN AND NICOBAR ISLANDS",144.75408
2001-01,"GARWAL TEHRI, UTTARAKHAND",129.76057
2001-01,"THOOTHUKUDI, TAMILNADU",129.44628
2001-01,"RAMANATHAPURA, TAMILNADU",129.13330
2001-01,"KARNAL, HARYANA",127.79333
2001-01,"HAMIRPUR, HIMACHAL PRADESH",126.54879
2001-01,"ROOPNAGAR, PUNJAB",126.26168
2001-01,"BOKARO, JHARKHAND",124.15840
2001-01,"DUMKA, JHARKHAND",123.07951
2001-01,"VAISHALI, BIHAR",122.62890
2006-02,"PULWAMA, JAMMU AND KASHMIR",362.53639
2006-02,"BARAMULLA, JAMMU AND KASHMIR",283.43177
2006-02,"BADGAM, JAMMU AND KASHMIR",269.06851
2006-02,"ANANTNAG, JAMMU AND KASHMIR",184.21826
2006-02,"SRINAGAR, JAMMU AND KASHMIR",157.89744
2006-02,"KUPWARA, JAMMU AND KASHMIR",149.20808
2006-02,"DIBANG VALLEY, ARUNACHAL PRADESH",137.82134
2006-02,"UPPER SUBANSIRI, ARUNACHAL PRADESH",136.96991
2006-02,"LADAKH, LADAKH",124.67100
2006-02,"KARGIL, JAMMU AND KASHMIR",123.39792
2011-11,"BAY ISLANDS, ANDAMAN AND NICOBAR ISLANDS",500.76223
2011-11,"THENI, TAMILNADU",393.87876
2011-11,"THIRUVARUR, TAMILNADU",372.63651
2011-11,"CHENNAI, TAMILNADU",370.19295
2011-11,"KARUR, TAMILNADU",341.03569
2011-11,"TANJAVUR, TAMILNADU",340.92551
2011-11,"DINDIGUL, TAMILNADU",340.44614
2011-11,"RAMANATHAPURA, TAMILNADU",333.77427
2011-11,"NAGAPATTINAM, TAMILNADU",330.73426
2011-11,"IDUKKI, KERALA",329.18943
2012-11,"SRIKAKULAM, ANDHRA PRADESH",355.05972
2012-11,"VIZIANAGARAM, ANDHRA PRADESH",303.43862
2012-11,"CHURACHANDPUR, MANIPUR",289.74725
2012-11,"THENI, TAMILNADU",272.80165
2012-11,"ERNAKULAM, KERALA",269.91348
2012-11,"MALKANGIRI, ORISSA",269.32470
2012-11,"GANJAM, ORISSA",268.99909
2012-11,"VISAKHAPATNAM, ANDHRA PRADESH",268.15765
2012-11,"GAJAPATI, ORISSA",266.84076
2012-11,"CACHAR, ASSAM",261.71953
2013-02,"PULWAMA, JAMMU AND KASHMIR",515.10948
2013-02,"BARAMULLA, JAMMU AND KASHMIR",422.65955
2013-02,"ANANTNAG, JAMMU AND KASHMIR",373.59006
2013-02,"DINDIGUL, TAMILNADU",312.75974
2013-02,"DODA, JAMMU AND KASHMIR",312.47492
2013-02,"LAHUL AND SPITI, HIMACHAL PRADESH",292.63931
2013-02,"KINNAUR, HIMACHAL PRADESH",279.82352
2013-02,"KULU, HIMACHAL PRADESH",273.09123
2013-02,"SIMLA/MAHASU, HIMACHAL PRADESH",271.62566
2013-02,"KARGIL, JAMMU AND KASHMIR",252.50872
2000-10,"NILGIRIS, TAMILNADU",693.34525
2000-10,"WAYANAD, KERALA",663.77846
2000-10,"ALAPPUZHA, KERALA",650.94398
2000-10,"SENAPATI, MANIPUR",584.56360
2000-10,"PHEK, NAGALAND",571.56020
2000-10,"LAKSHADWEEP, LAKSHADWEEP",562.34754
2000-10,"THRISSUR, KERALA",548.81131
2000-10,"MON, NAGALAND",537.84433
2000-10,"KODAGU, KARNATAKA",528.28327
2000-10,"KASARGOD, KERALA",524.62121
2005-06,"SOUTH GOA, GOA",1122.75204
2005-06,"KASARGOD, KERALA",1080.29305
2005-06,"THRISSUR, KERALA",1064.23607
2005-06,"LAKSHADWEEP, LAKSHADWEEP",993.32892
2005-06,"SINDHUDURG, MAHARASHTRA",992.42735
2005-06,"KANARA NORTH, KARNATAKA",941.47588
2005-06,"KANARA SOUTH, KARNATAKA",846.02237
2005-06,"KANNUR, KERALA",845.25090
2005-06,"UDUPI, KARNATAKA",824.54711
2005-06,"MALAPPURAM, KERALA",812.70620
2008-12,"PULWAMA, JAMMU AND KASHMIR",260.65919
2008-12,"BARAMULLA, JAMMU AND KASHMIR",255.01503
2008-12,"SRINAGAR, JAMMU AND KASHMIR",233.10127
2008-12,"LAKSHADWEEP, LAKSHADWEEP",230.45539
2008-12,"BAY ISLANDS, ANDAMAN AND NICOBAR ISLANDS",214.11911
2008-12,"BADGAM, JAMMU AND KASHMIR",209.00114
2008-12,"THOOTHUKUDI, TAMILNADU",198.56874
2008-12,"KANNIYAKUMARI, TAMILNADU",186.52495
2008-12,"RAMANATHAPURA, TAMILNADU",182.57356
2008-12,"CUDDALORE, TAMILNADU",174.55154
2000-03,"PULWAMA, JAMMU AND KASHMIR",159.14040
2000-03,"PHEK, NAGALAND",135.78072
2000-03,"UPPER SUBANSIRI, ARUNACHAL PRADESH",134.50958
2000-03,"BADGAM, JAMMU AND KASHMIR",118.59054
2000-03,"KARGIL, JAMMU AND KASHMIR",114.52388
2000-03,"SENAPATI, MANIPUR",109.64354
2000-03,"BARAMULLA, JAMMU AND KASHMIR",107.87459
2000-03,"LADAKH, LADAKH",103.88218
2000-03,"UPPER SIANG, ARUNACHAL PRADESH",96.28959
2000-03,"DIBANG VALLEY, ARUNACHAL PRADESH",89.85615
2001-08,"PAPAMPARE, ARUNACHAL PRADESH",1122.78217
2001-08,"KASARGOD, KERALA",1045.99320
2001-08,"RATNAGIRI, MAHARASHTRA",1005.74029
2001-08,"KANNUR, KERALA",1001.46990
2001-08,"SOUTH GOA, GOA",977.07676
2001-08,"COOCH BEHAR, WEST BENGAL",964.05200
2001-08,"KANARA SOUTH, KARNATAKA",948.60432
2001-08,"SHIMOGA, KARNATAKA",946.50382
2001-08,"NORTH GOA, GOA",945.76923
2001-08,"KODAGU, KARNATAKA",935.12484
2004-06,"KASARGOD, KERALA",1256.57951
2004-06,"MON, NAGALAND",1122.13839
2004-06,"SOUTH GOA, GOA",1091.93637
2004-06,"MORIGAON, ASSAM",1053.35041
2004-06,"KANARA SOUTH, KARNATAKA",1052.01278
2004-06,"SINDHUDURG, MAHARASHTRA",1050.72839
2004-06,"KANNUR, KERALA",992.73259
2004-06,"PAPAMPARE, ARUNACHAL PRADESH",983.25400
2004-06,"NORTH GOA, GOA",982.33049
2004-06,"UDUPI, KARNATAKA",979.00991
2007-01,"PULWAMA, JAMMU AND KASHMIR",110.73018
2007-01,"BAY ISLANDS, ANDAMAN AND NICOBAR ISLANDS",101.87158
2007-01,"SRINAGAR, JAMMU AND KASHMIR",101.58007
2007-01,"THOOTHUKUDI, TAMILNADU",98.68683
2007-01,"BADGAM, JAMMU AND KASHMIR",97.18179
2007-01,"KARNAL, HARYANA",94.82321
2007-01,"GANDHINAGAR, GUJARAT",94.62837
2007-01,"ANAND, GUJARAT",94.48718
2007-01,"GARWAL TEHRI, UTTARAKHAND",94.42023
2007-01,"NARMADA, GUJARAT",94.29836
2003-05,"UPPER SUBANSIRI, ARUNACHAL PRADESH",540.26212
2003-05,"NORTH TRIPURA, TRIPURA",445.13556
2003-05,"KARBI ANGLONG, ASSAM",422.63506
2003-05,"EAST KHASI HILLS, MEGHALAYA",408.56545
2003-05,"DUMKA, JHARKHAND",387.68906
2003-05,"NADIA, WEST BENGAL",378.91031
2003-05,"DINAJPUR SOUTH, WEST BENGAL",372.97855
2003-05,"THENI, TAMILNADU",366.38417
2003-05,"VAISHALI, BIHAR",361.17726
2003-05,"GARWAL TEHRI, UTTARAKHAND",360.22239
2007-02,"BADGAM, JAMMU AND KASHMIR",616.10128
2007-02,"PULWAMA, JAMMU AND KASHMIR",610.97719
2007-02,"BARAMULLA, JAMMU AND KASHMIR",432.10343
2007-02,"DODA, JAMMU AND KASHMIR",392.93402
2007-02,"ANANTNAG, JAMMU AND KASHMIR",333.09143
2007-02,"UDHAMPUR, JAMMU AND KASHMIR",277.38973
2007-02,"SRINAGAR, JAMMU AND KASHMIR",270.02363
2007-02,"KUPWARA, JAMMU AND KASHMIR",236.75278
2007-02,"KATHUA, JAMMU AND KASHMIR",223.68335
2007-02,"JAMMU, JAMMU AND KASHMIR",207.89521
2002-08,"PAPAMPARE, ARUNACHAL PRADESH",1172.80955
2002-08,"KISHANGANJ, BIHAR",1137.62903
2002-08,"SOUTH GOA, GOA",1019.25487
2002-08,"COOCH BEHAR, WEST BENGAL",1016.89646
2002-08,"LAKHIMPUR, ASSAM",899.47417
2002-08,"RATNAGIRI, MAHARASHTRA",893.28647
2002-08,"NORTH TRIPURA, TRIPURA",845.64303
2002-08,"KANARA NORTH, KARNATAKA",843.86751
2002-08,"SINDHUDURG, MAHARASHTRA",842.49941
2002-08,"MON, NAGALAND",833.88201
2006-11,"DINDIGUL, TAMILNADU",963.02033
2006-11,"THIRUVANANTHAP, KERALA",933.17102
2006-11,"TIRUNELVELI, TAMILNADU",927.74761
2006-11,"THENI, TAMILNADU",905.70065
2006-11,"KOLLAM, KERALA",887.50416
2006-11,"IDUKKI, KERALA",790.00837
2006-11,"PATHANAMTHITTA, KERALA",784.82384
2006-11,"KOTTAYAM, KERALA",766.58737
2006-11,"KARUR, TAMILNADU",749.51335
2006-11,"ALAPPUZHA, KERALA",736.87996
2012-06,"UDUPI, KARNATAKA",1395.23925
2012-06,"GOLAGHAT, ASSAM",1321.40908
2012-06,"SINDHUDURG, MAHARASHTRA",1320.30661
2012-06,"KARBI ANGLONG, ASSAM",1292.71233
2012-06,"RATNAGIRI, MAHARASHTRA",1250.35293
2012-06,"ERNAKULAM, KERALA",1242.19492
2012-06,"KASARGOD, KERALA",1242.06678
2012-06,"N.C.HILLS, ASSAM",1229.00275
2012-06,"KOZHIKODE, KERALA",1214.37812
2012-06,"KANARA NORTH, KARNATAKA",1165.79494
2013-07,"WEST KAMENG, ARUNACHAL PRADESH",3113.23718
2013-07,"PAPAMPARE, ARUNACHAL PRADESH",2762.86603
2013-07,"KOKRAJHAR, ASSAM",2465.80758
2013-07,"GOLAGHAT, ASSAM",2414.15293
2013-07,"LAKHIMPUR, ASSAM",2405.48232
2013-07,"BONGAIGAON, ASSAM",2344.30222
2013-07,"DHUBRI, ASSAM",2288.26356
2013-07,"GOALPARA, ASSAM",2272.62681
2013-07,"NALBARI, ASSAM",2215.31577
2013-07,"LOWER SUBANSIRI, ARUNACHAL PRADESH",2083.35798
2003-03,"PULWAMA, JAMMU AND KASHMIR",552.70850
2003-03,"BADGAM, JAMMU AND KASHMIR",444.74382
2003-03,"BARAMULLA, JAMMU AND KASHMIR",425.07134
2003-03,"ANANTNAG, JAMMU AND KASHMIR",297.07205
2003-03,"SRINAGAR, JAMMU AND KASHMIR",266.49802
2003-03,"UPPER SUBANSIRI, ARUNACHAL PRADESH",263.39036
2003-03,"KUPWARA, JAMMU AND KASHMIR",238.70888
2003-03,"KARGIL, JAMMU AND KASHMIR",214.01370
2003-03,"DODA, JAMMU AND KASHMIR",196.09735
2003-03,"UPPER SIANG, ARUNACHAL PRADESH",185.29559
2009-11,"KARUR, TAMILNADU",595.97652
2009-11,"THENI, TAMILNADU",535.38543
2009-11,"DINDIGUL, TAMILNADU",529.34343
2009-11,"KANNIYAKUMARI, TAMILNADU",505.07612
2009-11,"THIRUVANANTHAP, KERALA",503.59044
2009-11,"THIRUVARUR, TAMILNADU",494.11521
2009-11,"ALAPPUZHA, KERALA",489.87955
2009-11,"TANJAVUR, TAMILNADU",485.90151
2009-11,"PUDUKOTTAI, TAMILNADU",485.23670
2009-11,"NAGAPATTINAM, TAMILNADU",471.83071
2000-04,"KARBI ANGLONG, ASSAM",360.64342
2000-04,"NORTH TRIPURA, TRIPURA",333.80326
2000-04,"EAST KHASI HILLS, MEGHALAYA",315.53401
2000-04,"PHEK, NAGALAND",307.89350
2000-04,"UPPER SUBANSIRI, ARUNACHAL PRADESH",305.09289
2000-04,"KOHIMA, NAGALAND",298.64486
2000-04,"THENI, TAMILNADU",295.64896
2000-04,"HAILAKANDI, ASSAM",265.76316
2000-04,"MON, NAGALAND",265.25971
2000-04,"WEST TRIPURA, TRIPURA",258.57985
2000-11,"KANNIYAKUMARI, TAMILNADU",365.51566
2000-11,"KARUR, TAMILNADU",342.00838
2000-11,"BAY ISLANDS, ANDAMAN AND NICOBAR ISLANDS",330.08573
2000-11,"THOOTHUKUDI, TAMILNADU",321.16099
2000-11,"THIRUVANANTHAP, KERALA",320.34186
2000-11,"THENI, TAMILNADU",312.55351
2000-11,"PUDUKOTTAI, TAMILNADU",307.08114
2000-11,"RAMANATHAPURA, TAMILNADU",305.41978
2000-11,"TIRUNELVELI, TAMILNADU",284.79649
2000-11,"KOLLAM, KERALA",284.22831
2006-01,"PULWAMA, JAMMU AND KASHMIR",318.45414
2006-01,"BARAMULLA, JAMMU AND KASHMIR",293.95126
2006-01,"ANANTNAG, JAMMU AND KASHMIR",251.11600
2006-01,"KUPWARA, JAMMU AND KASHMIR",248.47810
2006-01,"BADGAM, JAMMU AND KASHMIR",242.61078
2006-01,"SRINAGAR, JAMMU AND KASHMIR",238.95779
2006-01,"THOOTHUKUDI, TAMILNADU",199.71971
2006-01,"THIRUVARUR, TAMILNADU",185.05954
2006-01,"RAMANATHAPURA, TAMILNADU",184.63621
2006-01,"SIVAGANGA, TAMILNADU",181.49527
2012-09,"EAST SIANG, ARUNACHAL PRADESH",2297.66538
2012-09,"GOLAGHAT, ASSAM",2169.07803
2012-09,"WEST KAMENG, ARUNACHAL PRADESH",2085.42723
2012-09,"KARIMGANJ, ASSAM",2037.03173
2012-09,"LOWER SUBANSIRI, ARUNACHAL PRADESH",1924.92008
2012-09,"KARBI ANGLONG, ASSAM",1894.32719
2012-09,"LAKHIMPUR, ASSAM",1872.41138
2012-09,"DIBANG VALLEY, ARUNACHAL PRADESH",1770.41817
2012-09,"HAILAKANDI, ASSAM",1737.54459
2012-09,"PAPAMPARE, ARUNACHAL PRADESH",1657.97755
2011-08,"RATNAGIRI, MAHARASHTRA",1719.34664
2011-08,"ERNAKULAM, KERALA",1588.77068
2011-08,"SINDHUDURG, MAHARASHTRA",1527.25930
2011-08,"THRISSUR, KERALA",1523.34025
2011-08,"KOZHIKODE, KERALA",1499.60198
2011-08,"UDUPI, KARNATAKA",1469.92057
2011-08,"KARIMGANJ, ASSAM",1444.76564
2011-08,"KOLABA/RAIGARH, MAHARASHTRA",1391.53918
2011-08,"KANARA NORTH, KARNATAKA",1372.27027
2011-08,"GOLAGHAT, ASSAM",1314.48153
2002-02,"PULWAMA, JAMMU AND KASHMIR",317.55211
2002-02,"THIRUVARUR, TAMILNADU",293.88554
2002-02,"BARAMULLA, JAMMU AND KASHMIR",269.66968
2002-02,"BADGAM, JAMMU AND KASHMIR",261.31326
2002-02,"NAGAPATTINAM, TAMILNADU",254.98577
2002-02,"TANJAVUR, TAMILNADU",214.20635
2002-02,"SRINAGAR, JAMMU AND KASHMIR",178.95585
2002-02,"PUDUCHERRY, PUDUCHERRY",176.92367
2002-02,"RAMANATHAPURA, TAMILNADU",176.51698
2002-02,"PUDUKOTTAI, TAMILNADU",155.61918
2007-10,"WAYANAD, KERALA",776.38020
2007-10,"NILGIRIS, TAMILNADU",750.10898
2007-10,"DINDIGUL, TAMILNADU",717.77117
2007-10,"THENI, TAMILNADU",700.62563
2007-10,"MON, NAGALAND",667.47523
2007-10,"KARUR, TAMILNADU",633.35207
2007-10,"PALAKKAD, KERALA",557.20251
2007-10,"IDUKKI, KERALA",539.87589
2007-10,"UPPER SUBANSIRI, ARUNACHAL PRADESH",531.46617
2007-10,"COIMBATORE, TAMILNADU",519.95962
2002-10,"THRISSUR, KERALA",725.14400
2002-10,"ALAPPUZHA, KERALA",658.40690
2002-10,"LAKSHADWEEP, LAKSHADWEEP",655.24495
2002-10,"THENI, TAMILNADU",628.46863
2002-10,"KASARGOD, KERALA",607.91536
2002-10,"ERNAKULAM, KERALA",585.68458
2002-10,"IDUKKI, KERALA",568.58391
2002-10,"MALAPPURAM, KERALA",557.93364
2002-10,"PALAKKAD, KERALA",556.78807
2002-10,"KOTTAYAM, KERALA",555.47587
2005-04,"THENI, TAMILNADU",473.63862
2005-04,"IDUKKI, KERALA",456.38236
2005-04,"ERNAKULAM, KERALA",456.05717
2005-04,"DINDIGUL, TAMILNADU",436.65935
2005-04,"THRISSUR, KERALA",408.09961
2005-04,"TIRUNELVELI, TAMILNADU",389.57606
2005-04,"ALAPPUZHA, KERALA",385.84902
2005-04,"PALAKKAD, KERALA",385.74289
2005-04,"KOTTAYAM, KERALA",368.99876
2005-04,"PATHANAMTHITTA, KERALA",352.07280
2006-12,"PULWAMA, JAMMU AND KASHMIR",250.61704
2006-12,"BADGAM, JAMMU AND KASHMIR",230.27520
2006-12,"BARAMULLA, JAMMU AND KASHMIR",227.47189
2006-12,"BAY ISLANDS, ANDAMAN AND NICOBAR ISLANDS",217.36083
2006-12,"SRINAGAR, JAMMU AND KASHMIR",189.47296
2006-12,"KUPWARA, JAMMU AND KASHMIR",164.48082
2006-12,"ANANTNAG, JAMMU AND KASHMIR",152.05708
2006-12,"DODA, JAMMU AND KASHMIR",139.78101
2006-12,"HAMIRPUR, HIMACHAL PRADESH",106.53133
2006-12,"GARWAL TEHRI, UTTARAKHAND",99.07178
2011-04,"THENI, TAMILNADU",554.01052
2011-04,"PULWAMA, JAMMU AND KASHMIR",514.49316
2011-04,"DIBANG VALLEY, ARUNACHAL PRADESH",495.07228
2011-04,"IDUKKI, KERALA",449.84850
2011-04,"VIRUDHUNAGAR, TAMILNADU",439.53897
2011-04,"DINDIGUL, TAMILNADU",431.10867
2011-04,"EAST SIANG, ARUNACHAL PRADESH",422.99251
2011-04,"UPPER SIANG, ARUNACHAL PRADESH",422.26298
2011-04,"ERNAKULAM, KERALA",409.07937
2011-04,"PHEK, NAGALAND",399.33930
2004-01,"PULWAMA, JAMMU AND KASHMIR",412.25771
2004-01,"BADGAM, JAMMU AND KASHMIR",400.70649
2004-01,"BARAMULLA, JAMMU AND KASHMIR",363.94613
2004-01,"KUPWARA, JAMMU AND KASHMIR",216.23241
2004-01,"SRINAGAR, JAMMU AND KASHMIR",209.26006
2004-01,"DODA, JAMMU AND KASHMIR",202.79074
2004-01,"ANANTNAG, JAMMU AND KASHMIR",183.12149
2004-01,"SIMLA/MAHASU, HIMACHAL PRADESH",146.60381
2004-01,"UDHAMPUR, JAMMU AND KASHMIR",138.80326
2004-01,"KINNAUR, HIMACHAL PRADESH",135.12669
2011-09,"ERNAKULAM, KERALA",1347.89626
2011-09,"THRISSUR, KERALA",1215.33034
2011-09,"GOLAGHAT, ASSAM",1113.79919
2011-09,"KOZHIKODE, KERALA",1006.55877
2011-09,"KOTTAYAM, KERALA",942.98971
2011-09,"DHUBRI, ASSAM",897.05778
2011-09,"IDUKKI, KERALA",891.27747
2011-09,"KARIMGANJ, ASSAM",874.75025
2011-09,"PATHANAMTHITTA, KERALA",836.16770
2011-09,"KANNUR, KERALA",822.64477
2003-08,"SOUTH GOA, GOA",1262.72049
2003-08,"LAKSHADWEEP, LAKSHADWEEP",1079.09489
2003-08,"KANNUR, KERALA",1038.32187
2003-08,"KASARGOD, KERALA",1023.99103
2003-08,"PAPAMPARE, ARUNACHAL PRADESH",1009.71042
2003-08,"MUMBAI CITY, MAHARASHTRA",999.78597
2003-08,"KOLABA/RAIGARH, MAHARASHTRA",960.33785
2003-08,"RATNAGIRI, MAHARASHTRA",956.76398
2003-08,"THANA, MAHARASHTRA",940.95328
2003-08,"THRISSUR, KERALA",937.13526
2013-08,"GOALPARA, ASSAM",2431.23662
2013-08,"KARIMGANJ, ASSAM",2324.77355
2013-08,"GOLAGHAT, ASSAM",2314.47006
2013-08,"DHUBRI, ASSAM",2275.81819
2013-08,"NALBARI, ASSAM",2204.38784
2013-08,"BONGAIGAON, ASSAM",2037.88495
2013-08,"PULWAMA, JAMMU AND KASHMIR",2027.07692
2013-08,"KOKRAJHAR, ASSAM",1915.75635
2013-08,"KAMRUP, ASSAM",1854.19347
2013-08,"COOCH BEHAR, WEST BENGAL",1734.11130
2002-01,"CHENNAI, TAMILNADU",255.97455
2002-01,"KANCHEEPURAM, TAMILNADU",232.45477
2002-01,"THIRUVALLUR, TAMILNADU",224.69769
2002-01,"BAY ISLANDS, ANDAMAN AND NICOBAR ISLANDS",179.53193
2002-01,"PULWAMA, JAMMU AND KASHMIR",151.33754
2002-01,"ANANTNAG, JAMMU AND KASHMIR",121.54828
2002-01,"UPPER SUBANSIRI, ARUNACHAL PRADESH",115.95727
2002-01,"BADGAM, JAMMU AND KASHMIR",113.65441
2002-01,"BARAMULLA, JAMMU AND KASHMIR",113.02356
2002-01,"THENI, TAMILNADU",101.86150
2011-07,"SINDHUDURG, MAHARASHTRA",1864.62247
2011-07,"RATNAGIRI, MAHARASHTRA",1854.67587
2011-07,"GOLAGHAT, ASSAM",1678.43130
2011-07,"KOLABA/RAIGARH, MAHARASHTRA",1546.12601
2011-07,"UDUPI, KARNATAKA",1493.59514
2011-07,"SOUTH GOA, GOA",1484.43309
2011-07,"KANARA NORTH, KARNATAKA",1453.92587
2011-07,"DAMAN, DAMAN AND DIU",1446.06848
2011-07,"THANA, MAHARASHTRA",1420.33054
2011-07,"KOZHIKODE, KERALA",1355.78246
2011-10,"DINDIGUL, TAMILNADU",819.85259
2011-10,"THENI, TAMILNADU",722.90126
2011-10,"NILGIRIS, TAMILNADU",597.52231
2011-10,"KARUR, TAMILNADU",587.03044
2011-10,"COIMBATORE, TAMILNADU",522.49061
2011-10,"IDUKKI, KERALA",520.32927
2011-10,"MADURAI, TAMILNADU",511.92853
2011-10,"KODAGU, KARNATAKA",498.87607
2011-10,"SIVAGANGA, TAMILNADU",495.51599
2011-10,"CHICKMAGALUR, KARNATAKA",492.00123
2004-12,"BAY ISLANDS, ANDAMAN AND NICOBAR ISLANDS",269.74917
2004-12,"GARWAL TEHRI, UTTARAKHAND",224.36570
2004-12,"KARNAL, HARYANA",223.48808
2004-12,"RUDRAPRAYAG, UTTARAKHAND",223.27393
2004-12,"HAMIRPUR, HIMACHAL PRADESH",222.77097
2004-12,"BOKARO, JHARKHAND",221.79121
2004-12,"PORBANDAR, GUJARAT",221.72512
2004-12,"ROOPNAGAR, PUNJAB",221.15005
2004-12,"NADIA, WEST BENGAL",220.55868
2004-12,"DUMKA, JHARKHAND",220.50032
2008-11,"THIRUVANANTHAP, KERALA",460.27053
2008-11,"TIRUNELVELI, TAMILNADU",442.44608
2008-11,"KANNIYAKUMARI, TAMILNADU",428.86539
2008-11,"CHENNAI, TAMILNADU",412.44561
2008-11,"THIRUVARUR, TAMILNADU",405.62335
2008-11,"KOLLAM, KERALA",380.58331
2008-11,"KARUR, TAMILNADU",380.06203
2008-11,"KANCHEEPURAM, TAMILNADU",379.30248
2008-11,"THOOTHUKUDI, TAMILNADU",376.17720
2008-11,"THIRUVALLUR, TAMILNADU",362.05921
2004-03,"UPPER SUBANSIRI, ARUNACHAL PRADESH",172.38835
2004-03,"DIBANG VALLEY, ARUNACHAL PRADESH",167.13980
2004-03,"UPPER SIANG, ARUNACHAL PRADESH",136.58666
2004-03,"TIRUNELVELI, TAMILNADU",94.55137
2004-03,"KOLLAM, KERALA",92.00420
2004-03,"WEST SIANG, ARUNACHAL PRADESH",90.86409
2004-03,"NILGIRIS, TAMILNADU",88.21120
2004-03,"KOLAR, KARNATAKA",87.18886
2004-03,"ALAPPUZHA, KERALA",84.65395
2004-03,"THIRUVANANTHAP, KERALA",84.30234
2004-08,"DAMAN, DAMAN AND DIU",1228.25594
2004-08,"MUMBAI CITY, MAHARASHTRA",1153.41415
2004-08,"PAPAMPARE, ARUNACHAL PRADESH",1153.16270
2004-08,"THANA, MAHARASHTRA",1100.96053
2004-08,"KOLABA/RAIGARH, MAHARASHTRA",1042.64044
2004-08,"RATNAGIRI, MAHARASHTRA",984.17481
2004-08,"MORIGAON, ASSAM",945.13319
2004-08,"GOLAGHAT, ASSAM",935.74551
2004-08,"LAKHIMPUR, ASSAM",933.48313
2004-08,"SOUTH GOA, GOA",918.95827
2001-02,"UPPER SUBANSIRI, ARUNACHAL PRADESH",152.75631
2001-02,"PULWAMA, JAMMU AND KASHMIR",138.41229
2001-02,"NORTH TRIPURA, TRIPURA",113.72225
2001-02,"UPPER SIANG, ARUNACHAL PRADESH",108.04882
2001-02,"BADGAM, JAMMU AND KASHMIR",105.94340
2001-02,"BARAMULLA, JAMMU AND KASHMIR",100.40989
2001-02,"DIBANG VALLEY, ARUNACHAL PRADESH",98.19418
2001-02,"WEST SIANG, ARUNACHAL PRADESH",98.04296
2001-02,"MON, NAGALAND",97.45561
2001-02,"THIRUVANANTHAP, KERALA",80.14755
2009-12,"BAY ISLANDS, ANDAMAN AND NICOBAR ISLANDS",485.57142
2009-12,"THIRUVARUR, TAMILNADU",313.08799
2009-12,"NAGAPATTINAM, TAMILNADU",306.33885
2009-12,"THENI, TAMILNADU",291.02180
2009-12,"PUDUCHERRY, PUDUCHERRY",279.59951
2009-12,"TANJAVUR, TAMILNADU",276.04977
2009-12,"KARUR, TAMILNADU",257.23569
2009-12,"CUDDALORE, TAMILNADU",255.21243
2009-12,"PUDUKOTTAI, TAMILNADU",246.19543
2009-12,"KANNIYAKUMARI, TAMILNADU",242.75662
2003-09,"CHAMPARAN.WEST, BIHAR",961.80386
2003-09,"CHURACHANDPUR, MANIPUR",709.39837
2003-09,"JHARSUGUDA, ORISSA",703.59017
2003-09,"KANPUR CITY, UTTAR PRADESH",690.45697
2003-09,"NORTH TRIPURA, TRIPURA",676.90589
2003-09,"ALLAHABAD, UTTAR PRADESH",676.68530
2003-09,"ALMORA, UTTARAKHAND",672.05426
2003-09,"MON, NAGALAND",664.17680
2003-09,"PANNA, MADHAYA PRADESH",658.34969
2003-09,"SHAHUJI M NAGAR, UTTAR PRADESH",657.53857
2000-06,"SOUTH GOA, GOA",1832.65343
2000-06,"KASARGOD, KERALA",1460.23404
2000-06,"SINDHUDURG, MAHARASHTRA",1299.12133
2000-06,"KANARA NORTH, KARNATAKA",1236.33323
2000-06,"NORTH GOA, GOA",1229.68091
2000-06,"KANNUR, KERALA",1213.07488
2000-06,"RATNAGIRI, MAHARASHTRA",1206.15122
2000-06,"KANARA SOUTH, KARNATAKA",1192.24581
2000-06,"THRISSUR, KERALA",1184.34594
2000-06,"UDUPI, KARNATAKA",1169.28625
2007-06,"SOUTH GOA, GOA",1317.80825
2007-06,"SINDHUDURG, MAHARASHTRA",1207.24072
2007-06,"KASARGOD, KERALA",1199.63836
2007-06,"THRISSUR, KERALA",1113.64975
2007-06,"KANNUR, KERALA",1065.70474
2007-06,"GOLAGHAT, ASSAM",1021.90696
2007-06,"MUMBAI CITY, MAHARASHTRA",1003.78226
2007-06,"NORTH TRIPURA, TRIPURA",999.56087
2007-06,"KANARA SOUTH, KARNATAKA",968.88042
2007-06,"MALAPPURAM, KERALA",964.43173
2008-07,"ALMORA, UTTARAKHAND",1415.23395
2008-07,"CHAMPARAN.WEST, BIHAR",1362.47151
2008-07,"SOUTH GOA, GOA",1203.98651
2008-07,"PAPAMPARE, ARUNACHAL PRADESH",1182.01572
2008-07,"UPPER SUBANSIRI, ARUNACHAL PRADESH",1080.17905
2008-07,"KASARGOD, KERALA",986.83778
2008-07,"MUMBAI CITY, MAHARASHTRA",983.49479
2008-07,"SINDHUDURG, MAHARASHTRA",977.36234
2008-07,"KISHANGANJ, BIHAR",963.09500
2008-07,"MAHARAJGANJ, UTTAR PRADESH",962.98081
2010-05,"NORTH TRIPURA, TRIPURA",1022.74132
2010-05,"GOLAGHAT, ASSAM",918.61677
2010-05,"LAKHIMPUR, ASSAM",884.37946
2010-05,"KARBI ANGLONG, ASSAM",875.26372
2010-05,"HAILAKANDI, ASSAM",838.70147
2010-05,"UPPER SUBANSIRI, ARUNACHAL PRADESH",805.93820
2010-05,"MON, NAGALAND",799.66904
2010-05,"EAST KHASI HILLS, MEGHALAYA",717.22009
2010-05,"SONITPUR, ASSAM",708.18473
2010-05,"EAST SIANG, ARUNACHAL PRADESH",699.19049
2003-11,"THIRUVARUR, TAMILNADU",578.44219
2003-11,"BAY ISLANDS, ANDAMAN AND NICOBAR ISLANDS",535.49794
2003-11,"RAMANATHAPURA, TAMILNADU",527.30325
2003-11,"NAGAPATTINAM, TAMILNADU",490.21109
2003-11,"TANJAVUR, TAMILNADU",472.57302
2003-11,"DINDIGUL, TAMILNADU",465.98511
2003-11,"THOOTHUKUDI, TAMILNADU",438.86460
2003-11,"KARUR, TAMILNADU",432.31628
2003-11,"THENI, TAMILNADU",422.14217
2003-11,"PUDUKOTTAI, TAMILNADU",407.71440
2009-09,"NORTH TRIPURA, TRIPURA",831.80878
2009-09,"THRISSUR, KERALA",805.24247
2009-09,"KASARGOD, KERALA",768.14115
2009-09,"ALAPPUZHA, KERALA",741.95472
2009-09,"MON, NAGALAND",739.72143
2009-09,"PAPAMPARE, ARUNACHAL PRADESH",707.88516
2009-09,"JAINTIA HILLS, MEGHALAYA",707.25517
2009-09,"UPPER SUBANSIRI, ARUNACHAL PRADESH",697.76146
2009-09,"WAYANAD, KERALA",687.59102
2009-09,"PATHANAMTHITTA, KERALA",679.99578
2011-02,"PULWAMA, JAMMU AND KASHMIR",361.67679
2011-02,"KARGIL, JAMMU AND KASHMIR",339.66807
2011-02,"ANANTNAG, JAMMU AND KASHMIR",306.50539
2011-02,"BARAMULLA, JAMMU AND KASHMIR",303.92993
2011-02,"KUPWARA, JAMMU AND KASHMIR",233.43375
2011-02,"DODA, JAMMU AND KASHMIR",228.79542
2011-02,"DIBANG VALLEY, ARUNACHAL PRADESH",210.98647
2011-02,"LAHUL AND SPITI, HIMACHAL PRADESH",201.32275
2011-02,"UPPER SIANG, ARUNACHAL PRADESH",196.61838
2011-02,"EAST SIANG, ARUNACHAL PRADESH",179.87536
2011-06,"KOZHIKODE, KERALA",1496.82113
2011-06,"KASARGOD, KERALA",1464.11749
2011-06,"SINDHUDURG, MAHARASHTRA",1389.25142
2011-06,"KANNUR, KERALA",1372.50426
2011-06,"ERNAKULAM, KERALA",1360.12636
2011-06,"RATNAGIRI, MAHARASHTRA",1355.23390
2011-06,"UDUPI, KARNATAKA",1348.41181
2011-06,"THRISSUR, KERALA",1321.81881
2011-06,"KANARA NORTH, KARNATAKA",1178.96848
2011-06,"KANARA SOUTH, KARNATAKA",1149.37264
2009-05,"UPPER SUBANSIRI, ARUNACHAL PRADESH",751.88370
2009-05,"MON, NAGALAND",653.74146
2009-05,"NORTH TRIPURA, TRIPURA",617.74066
2009-05,"EAST KHASI HILLS, MEGHALAYA",612.23414
2009-05,"PAPAMPARE, ARUNACHAL PRADESH",583.41345
2009-05,"JAINTIA HILLS, MEGHALAYA",562.01940
2009-05,"WEST SIANG, ARUNACHAL PRADESH",552.85712
2009-05,"LAKHIMPUR, ASSAM",551.89991
2009-05,"UPPER SIANG, ARUNACHAL PRADESH",551.73938
2009-05,"KARBI ANGLONG, ASSAM",540.14283
2013-03,"DIBANG VALLEY, ARUNACHAL PRADESH",699.78012
2013-03,"UPPER SIANG, ARUNACHAL PRADESH",524.00411
2013-03,"EAST SIANG, ARUNACHAL PRADESH",505.96842
2013-03,"UPPER SUBANSIRI, ARUNACHAL PRADESH",433.59435
2013-03,"PULWAMA, JAMMU AND KASHMIR",377.94338
2013-03,"BARAMULLA, JAMMU AND KASHMIR",280.08101
2013-03,"MON, NAGALAND",219.34029
2013-03,"WEST KAMENG, ARUNACHAL PRADESH",208.47701
2013-03,"JORHAT, ASSAM",206.76955
2013-03,"DINDIGUL, TAMILNADU",200.59621
2007-03,"PULWAMA, JAMMU AND KASHMIR",509.62839
2007-03,"BADGAM, JAMMU AND KASHMIR",422.18051
2007-03,"BARAMULLA, JAMMU AND KASHMIR",389.80442
2007-03,"DODA, JAMMU AND KASHMIR",300.84290
2007-03,"ANANTNAG, JAMMU AND KASHMIR",300.37228
2007-03,"KINNAUR, HIMACHAL PRADESH",230.55753
2007-03,"KUPWARA, JAMMU AND KASHMIR",225.58195
2007-03,"SRINAGAR, JAMMU AND KASHMIR",218.80529
2007-03,"SIMLA/MAHASU, HIMACHAL PRADESH",206.68664
2007-03,"CHAMBA, HIMACHAL PRADESH",186.08545
2013-10,"HAILAKANDI, ASSAM",820.74656
2013-10,"KARIMGANJ, ASSAM",804.14595
2013-10,"CACHAR, ASSAM",772.30457
2013-10,"NORTH TRIPURA, TRIPURA",753.34193
2013-10,"PURI, ORISSA",684.60906
2013-10,"GANJAM, ORISSA",659.01485
2013-10,"AIZWAL, MIZORAM",640.45143
2013-10,"ERNAKULAM, KERALA",631.26839
2013-10,"CHURACHANDPUR, MANIPUR",631.09411
2013-10,"VIZIANAGARAM, ANDHRA PRADESH",627.51607
2001-07,"PAPAMPARE, ARUNACHAL PRADESH",1630.28613
2001-07,"SOUTH GOA, GOA",1464.64842
2001-07,"KASARGOD, KERALA",1310.35527
2001-07,"UPPER SUBANSIRI, ARUNACHAL PRADESH",1226.24756
2001-07,"KANNUR, KERALA",1217.34582
2001-07,"RATNAGIRI, MAHARASHTRA",1200.31333
2001-07,"MORIGAON, ASSAM",1199.49926
2001-07,"LAKHIMPUR, ASSAM",1178.24594
2001-07,"WEST SIANG, ARUNACHAL PRADESH",1148.56734
2001-07,"THANA, MAHARASHTRA",1133.26741
2003-04,"UPPER SUBANSIRI, ARUNACHAL PRADESH",405.84352
2003-04,"KARBI ANGLONG, ASSAM",352.59850
2003-04,"NORTH TRIPURA, TRIPURA",322.39723
2003-04,"PULWAMA, JAMMU AND KASHMIR",320.92954
2003-04,"SENAPATI, MANIPUR",312.49756
2003-04,"PHEK, NAGALAND",293.17706
2003-04,"WAYANAD, KERALA",266.53262
2003-04,"MON, NAGALAND",266.17471
2003-04,"UPPER SIANG, ARUNACHAL PRADESH",262.17756
2003-04,"LAKHIMPUR, ASSAM",255.82408
2010-12,"KANNIYAKUMARI, TAMILNADU",441.08050
2010-12,"BAY ISLANDS, ANDAMAN AND NICOBAR ISLANDS",392.53464
2010-12,"THIRUVANANTHAP, KERALA",344.03228
2010-12,"NADIA, WEST BENGAL",334.05473
2010-12,"BOKARO, JHARKHAND",334.04529
2010-12,"HAMIRPUR, HIMACHAL PRADESH",326.17977
2010-12,"DUMKA, JHARKHAND",322.82292
2010-12,"GARWAL TEHRI, UTTARAKHAND",317.97693
2010-12,"KARNAL, HARYANA",313.37985
2010-12,"DINAJPUR SOUTH, WEST BENGAL",310.88045
2012-10,"N.C.HILLS, ASSAM",1180.12542
2012-10,"HAILAKANDI, ASSAM",1160.42567
2012-10,"CACHAR, ASSAM",1124.22919
2012-10,"KARIMGANJ, ASSAM",1113.41522
2012-10,"AIZWAL, MIZORAM",1044.18646
2012-10,"NORTH TRIPURA, TRIPURA",978.50070
2012-10,"DINDIGUL, TAMILNADU",955.17661
2012-10,"THENI, TAMILNADU",913.67668
2012-10,"KOHIMA, NAGALAND",908.41229
2012-10,"CHURACHANDPUR, MANIPUR",878.09782
2003-06,"CHHIMTUIPUI, MIZORAM",1419.67036
2003-06,"NORTH TRIPURA, TRIPURA",1330.50759
2003-06,"SOUTH TRIPURA, TRIPURA",1302.72690
2003-06,"SOUTH GOA, GOA",1201.45797
2003-06,"THRISSUR, KERALA",1153.74435
2003-06,"HAILAKANDI, ASSAM",1146.26442
2003-06,"KASARGOD, KERALA",1082.19615
2003-06,"LAKSHADWEEP, LAKSHADWEEP",1075.37092
2003-06,"AIZWAL, MIZORAM",1073.14671
2003-06,"KANNUR, KERALA",1040.60440
2003-10,"PURI, ORISSA",785.77308
2003-10,"KHURDA, ORISSA",738.10057
2003-10,"CUTTACK, ORISSA",708.08632
2003-10,"JAJPUR, ORISSA",658.61148
2003-10,"THRISSUR, KERALA",625.74649
2003-10,"KENDRAPARA, ORISSA",614.80180
2003-10,"NAYAGARH, ORISSA",612.85856
2003-10,"NILGIRIS, TAMILNADU",595.96627
2003-10,"DHENKANAL, ORISSA",590.17064
2003-10,"ALAPPUZHA, KERALA",587.63464
2005-08,"NORTH GOA, GOA",925.44536
2005-08,"RATNAGIRI, MAHARASHTRA",867.89213
2005-08,"SHIMOGA, KARNATAKA",844.68538
2005-08,"PAPAMPARE, ARUNACHAL PRADESH",822.50169
2005-08,"KANARA NORTH, KARNATAKA",821.75349
2005-08,"MON, NAGALAND",779.74609
2005-08,"SOUTH GOA, GOA",776.24931
2005-08,"KOLABA/RAIGARH, MAHARASHTRA",729.23098
2005-08,"KOLHAPUR, MAHARASHTRA",725.29878
2005-08,"KODAGU, KARNATAKA",697.65802
2007-11,"VILLUPURAM, TAMILNADU",353.33045
2007-11,"THIRUVANANTHAP, KERALA",343.75648
2007-11,"CUDDALORE, TAMILNADU",340.79936
2007-11,"TIRUNELVELI, TAMILNADU",322.63698
2007-11,"KOLLAM, KERALA",313.56184
2007-11,"KANNIYAKUMARI, TAMILNADU",292.54246
2007-11,"PUDUCHERRY, PUDUCHERRY",283.85244
2007-11,"ALAPPUZHA, KERALA",283.01070
2007-11,"KANCHEEPURAM, TAMILNADU",276.85252
2007-11,"THENI, TAMILNADU",266.51714
2011-12,"BAY ISLANDS, ANDAMAN AND NICOBAR ISLANDS",346.54850
2011-12,"CHENNAI, TAMILNADU",171.77813
2011-12,"SIVAGANGA, TAMILNADU",165.98970
2011-12,"THENI, TAMILNADU",156.56418
2011-12,"RAMANATHAPURA, TAMILNADU",139.78317
2011-12,"KANCHEEPURAM, TAMILNADU",127.01126
2011-12,"KARUR, TAMILNADU",126.26267
2011-12,"MADURAI, TAMILNADU",123.55114
2011-12,"PUDUKOTTAI, TAMILNADU",122.34993
2011-12,"DINDIGUL, TAMILNADU",121.24057
2005-03,"BADGAM, JAMMU AND KASHMIR",616.44126
2005-03,"PULWAMA, JAMMU AND KASHMIR",615.25154
2005-03,"BARAMULLA, JAMMU AND KASHMIR",457.21840
2005-03,"UPPER SUBANSIRI, ARUNACHAL PRADESH",384.99869
2005-03,"MON, NAGALAND",335.10019
2005-03,"PHEK, NAGALAND",318.40790
2005-03,"SRINAGAR, JAMMU AND KASHMIR",289.41140
2005-03,"DIBANG VALLEY, ARUNACHAL PRADESH",283.79317
2005-03,"SENAPATI, MANIPUR",266.02880
2005-03,"EAST SIANG, ARUNACHAL PRADESH",262.72431
2009-04,"UPPER SUBANSIRI, ARUNACHAL PRADESH",551.31105
2009-04,"PULWAMA, JAMMU AND KASHMIR",427.21887
2009-04,"EAST SIANG, ARUNACHAL PRADESH",421.01495
2009-04,"BADGAM, JAMMU AND KASHMIR",379.98111
2009-04,"BARAMULLA, JAMMU AND KASHMIR",374.87240
2009-04,"UPPER SIANG, ARUNACHAL PRADESH",369.59808
2009-04,"LAKHIMPUR, ASSAM",366.55830
2009-04,"PAPAMPARE, ARUNACHAL PRADESH",340.12127
2009-04,"DIBANG VALLEY, ARUNACHAL PRADESH",318.16837
2009-04,"WEST SIANG, ARUNACHAL PRADESH",306.35035
2009-03,"PULWAMA, JAMMU AND KASHMIR",435.59243
2009-03,"BADGAM, JAMMU AND KASHMIR",361.85531
2009-03,"BARAMULLA, JAMMU AND KASHMIR",279.37891
2009-03,"KANCHEEPURAM, TAMILNADU",219.20619
2009-03,"VILLUPURAM, TAMILNADU",219.00972
2009-03,"UPPER SUBANSIRI, ARUNACHAL PRADESH",208.54110
2009-03,"TIRUVANNAMALAI, TAMILNADU",207.66769
2009-03,"DIBANG VALLEY, ARUNACHAL PRADESH",190.74155
2009-03,"THIRUVANANTHAP, KERALA",178.05977
2009-03,"TIRUNELVELI, TAMILNADU",176.44388
2013-01,"BAY ISLANDS, ANDAMAN AND NICOBAR ISLANDS",225.69497
2013-01,"UPPER SIANG, ARUNACHAL PRADESH",184.55098
2013-01,"THIRUVARUR, TAMILNADU",160.09049
2013-01,"KULU, HIMACHAL PRADESH",143.99818
2013-01,"PULWAMA, JAMMU AND KASHMIR",133.14399
2013-01,"CHANDIGARH, CHANDIGARH",124.33781
2013-01,"ROOPNAGAR, PUNJAB",121.71135
2013-01,"KINNAUR, HIMACHAL PRADESH",121.41308
2013-01,"UPPER SUBANSIRI, ARUNACHAL PRADESH",121.37314
2013-01,"MANDI, HIMACHAL PRADESH",121.17813
2002-07,"PAPAMPARE, ARUNACHAL PRADESH",1705.08079
2002-07,"LAKHIMPUR, ASSAM",1437.06920
2002-07,"MON, NAGALAND",1382.99585
2002-07,"JAINTIA HILLS, MEGHALAYA",1342.99972
2002-07,"MORIGAON, ASSAM",1139.55425
2002-07,"TIRAP, ARUNACHAL PRADESH",1104.74278
2002-07,"CHANGLANG, ARUNACHAL PRADESH",1091.18994
2002-07,"GOLAGHAT, ASSAM",1044.78481
2002-07,"COOCH BEHAR, WEST BENGAL",1035.26087
2002-07,"NORTH TRIPURA, TRIPURA",954.54833
2001-09,"UPPER SUBANSIRI, ARUNACHAL PRADESH",1097.13510
2001-09,"MORIGAON, ASSAM",1093.35941
2001-09,"MON, NAGALAND",1073.52655
2001-09,"PAPAMPARE, ARUNACHAL PRADESH",943.89817
2001-09,"KISHANGANJ, BIHAR",889.95737
2001-09,"CHANGLANG, ARUNACHAL PRADESH",820.74868
2001-09,"LAKHIMPUR, ASSAM",808.03930
2001-09,"TIRAP, ARUNACHAL PRADESH",807.31790
2001-09,"WEST SIANG, ARUNACHAL PRADESH",774.26318
2001-09,"NOWGONG, ASSAM",766.59392
2008-01,"PULWAMA, JAMMU AND KASHMIR",455.42448
2008-01,"BARAMULLA, JAMMU AND KASHMIR",346.04872
2008-01,"ANANTNAG, JAMMU AND KASHMIR",340.23682
2008-01,"BADGAM, JAMMU AND KASHMIR",328.56844
2008-01,"KINNAUR, HIMACHAL PRADESH",267.41157
2008-01,"UPPER SUBANSIRI, ARUNACHAL PRADESH",260.37255
2008-01,"SRINAGAR, JAMMU AND KASHMIR",259.44671
2008-01,"DODA, JAMMU AND KASHMIR",258.00647
2008-01,"UPPER SIANG, ARUNACHAL PRADESH",231.05365
2008-01,"KUPWARA, JAMMU AND KASHMIR",204.18435
2002-05,"NORTH TRIPURA, TRIPURA",1023.08892
2002-05,"KARBI ANGLONG, ASSAM",990.60724
2002-05,"MON, NAGALAND",895.29308
2002-05,"EAST KHASI HILLS, MEGHALAYA",877.86429
2002-05,"JAINTIA HILLS, MEGHALAYA",832.92154
2002-05,"GOLAGHAT, ASSAM",818.58700
2002-05,"HAILAKANDI, ASSAM",810.40993
2002-05,"UPPER SUBANSIRI, ARUNACHAL PRADESH",775.41515
2002-05,"LAKSHADWEEP, LAKSHADWEEP",769.87092
2002-05,"ALAPPUZHA, KERALA",747.41145
2010-10,"MON, NAGALAND",800.01322
2010-10,"LAKSHADWEEP, LAKSHADWEEP",595.27245
2010-10,"KASARGOD, KERALA",558.24795
2010-10,"NILGIRIS, TAMILNADU",533.44544
2010-10,"TIRAP, ARUNACHAL PRADESH",532.68586
2010-10,"PHEK, NAGALAND",516.04236
2010-10,"NORTH TRIPURA, TRIPURA",514.77854
2010-10,"KANARA SOUTH, KARNATAKA",511.18517
2010-10,"THRISSUR, KERALA",500.84267
2010-10,"KODAGU, KARNATAKA",500.78118
2004-09,"JAINTIA HILLS, MEGHALAYA",881.78238
2004-09,"NORTH TRIPURA, TRIPURA",875.40139
2004-09,"EAST KHASI HILLS, MEGHALAYA",762.07498
2004-09,"MON, NAGALAND",761.51225
2004-09,"KARBI ANGLONG, ASSAM",695.86931
2004-09,"PAPAMPARE, ARUNACHAL PRADESH",676.42315
2004-09,"WEST TRIPURA, TRIPURA",670.67582
2004-09,"HAILAKANDI, ASSAM",665.43461
2004-09,"ALAPPUZHA, KERALA",640.90285
2004-09,"PHEK, NAGALAND",639.83774
2009-06,"PAPAMPARE, ARUNACHAL PRADESH",1150.81787
2009-06,"UPPER SUBANSIRI, ARUNACHAL PRADESH",1142.14449
2009-06,"SOUTH GOA, GOA",1060.78233
2009-06,"THRISSUR, KERALA",1043.78847
2009-06,"ALAPPUZHA, KERALA",1040.92143
2009-06,"LAKHIMPUR, ASSAM",993.06302
2009-06,"LAKSHADWEEP, LAKSHADWEEP",969.30630
2009-06,"KOTTAYAM, KERALA",917.65682
2009-06,"WEST SIANG, ARUNACHAL PRADESH",914.96626
2009-06,"PATHANAMTHITTA, KERALA",908.69033
2013-04,"DIBANG VALLEY, ARUNACHAL PRADESH",1024.17812
2013-04,"EAST SIANG, ARUNACHAL PRADESH",852.88595
2013-04,"UPPER SUBANSIRI, ARUNACHAL PRADESH",677.94747
2013-04,"UPPER SIANG, ARUNACHAL PRADESH",672.44912
2013-04,"JORHAT, ASSAM",641.98786
2013-04,"GOLAGHAT, ASSAM",598.92223
2013-04,"WEST KAMENG, ARUNACHAL PRADESH",580.68406
2013-04,"N.C.HILLS, ASSAM",547.57931
2013-04,"PULWAMA, JAMMU AND KASHMIR",492.86386
2013-04,"SIBSAGAR, ASSAM",465.80404
2012-03,"UPPER SIANG, ARUNACHAL PRADESH",272.54418
2012-03,"DIBANG VALLEY, ARUNACHAL PRADESH",255.80807
2012-03,"UPPER SUBANSIRI, ARUNACHAL PRADESH",216.70875
2012-03,"KARGIL, JAMMU AND KASHMIR",193.54305
2012-03,"PULWAMA, JAMMU AND KASHMIR",168.53888
2012-03,"BARAMULLA, JAMMU AND KASHMIR",148.94543
2012-03,"ERNAKULAM, KERALA",142.29698
2012-03,"KOTTAYAM, KERALA",126.89095
2012-03,"IDUKKI, KERALA",126.07843
2012-03,"LADAKH, LADAKH",117.57947
2007-04,"PHEK, NAGALAND",582.71268
2007-04,"SENAPATI, MANIPUR",526.08382
2007-04,"KARBI ANGLONG, ASSAM",460.71920
2007-04,"MON, NAGALAND",447.55167
2007-04,"NORTH TRIPURA, TRIPURA",446.64961
2007-04,"KOHIMA, NAGALAND",420.37169
2007-04,"UPPER SUBANSIRI, ARUNACHAL PRADESH",418.57997
2007-04,"TUENSANG, NAGALAND",417.10838
2007-04,"GOLAGHAT, ASSAM",412.19525
2007-04,"HAILAKANDI, ASSAM",384.51507
2008-03,"DINDIGUL, TAMILNADU",625.82784
2008-03,"THENI, TAMILNADU",600.98005
2008-03,"NILGIRIS, TAMILNADU",587.55620
2008-03,"ALAPPUZHA, KERALA",559.00414
2008-03,"PALAKKAD, KERALA",543.87730
2008-03,"BANGALORE URBA, KARNATAKA",537.14390
2008-03,"IDUKKI, KERALA",536.19206
2008-03,"ERNAKULAM, KERALA",533.76904
2008-03,"WAYANAD, KERALA",520.58039
2008-03,"KOTTAYAM, KERALA",517.62861
2009-02,"PULWAMA, JAMMU AND KASHMIR",431.59969
2009-02,"BARAMULLA, JAMMU AND KASHMIR",355.93812
2009-02,"BADGAM, JAMMU AND KASHMIR",351.57104
2009-02,"ANANTNAG, JAMMU AND KASHMIR",265.13156
2009-02,"KUPWARA, JAMMU AND KASHMIR",215.86588
2009-02,"SRINAGAR, JAMMU AND KASHMIR",193.70726
2009-02,"DODA, JAMMU AND KASHMIR",186.72067
2009-02,"DIBANG VALLEY, ARUNACHAL PRADESH",171.86739
2009-02,"KARGIL, JAMMU AND KASHMIR",144.87876
2009-02,"UPPER SUBANSIRI, ARUNACHAL PRADESH",139.96153
2008-10,"KARUR, TAMILNADU",578.63709
2008-10,"MON, NAGALAND",576.20115
2008-10,"NILGIRIS, TAMILNADU",541.00154
2008-10,"KOTTAYAM, KERALA",536.22236
2008-10,"THENI, TAMILNADU",535.35029
2008-10,"WAYANAD, KERALA",531.66143
2008-10,"PATHANAMTHITTA, KERALA",527.30427
2008-10,"ERNAKULAM, KERALA",522.60931
2008-10,"KANNIYAKUMARI, TAMILNADU",515.70595
2008-10,"ALAPPUZHA, KERALA",508.87987
2004-07,"EAST GARO HILLS, MEGHALAYA",1743.18094
2004-07,"EAST KHASI HILLS, MEGHALAYA",1642.21651
2004-07,"JAINTIA HILLS, MEGHALAYA",1637.65647
2004-07,"PAPAMPARE, ARUNACHAL PRADESH",1391.55582
2004-07,"MUMBAI CITY, MAHARASHTRA",1368.04756
2004-07,"GOLAGHAT, ASSAM",1357.69953
2004-07,"SOUTH GOA, GOA",1342.19969
2004-07,"LAKHIMPUR, ASSAM",1329.83878
2004-07,"MORIGAON, ASSAM",1317.76707
2004-07,"KARBI ANGLONG, ASSAM",1276.56473
2006-06,"SOUTH GOA, GOA",1103.15956
2006-06,"KASARGOD, KERALA",1034.39024
2006-06,"KANARA SOUTH, KARNATAKA",880.39157
2006-06,"SINDHUDURG, MAHARASHTRA",868.49272
2006-06,"KANARA NORTH, KARNATAKA",844.52698
2006-06,"UDUPI, KARNATAKA",830.46346
2006-06,"KANNUR, KERALA",818.52266
2006-06,"PAPAMPARE, ARUNACHAL PRADESH",813.58065
2006-06,"NORTH GOA, GOA",796.96876
2006-06,"MUMBAI CITY, MAHARASHTRA",785.91640
